Major:ID,Major,:LABEL
M0,all,Major
M1,外国语言文学类,Major
M2,财政学类,Major
M3,法学,Major
M4,工商管理类,Major
M5,国际政治,Major
M6,金融学类,Major
M7,经济学类,Major
M8,理科试验班,Major
M9,人力资源管理,Major
M10,人文科学试验班,Major
M11,社会科学试验班（管理学科类）,Major
M12,社会学类,Major
M13,新闻传播学类,Major
M14,法语（中外合作办学）,Major
M15,国民经济管理（中外合作办学）,Major
M16,金融学（中外合作办学）,Major
M17,绘画（加权成绩）,Major
M18,美术学（艺术管理与策划方向，加权成绩）,Major
M19,设计学类（加权成绩）,Major
M20,财政学类（国家专项）,Major
M21,理科试验班（国家专项）,Major
M22,人力资源管理（国家专项）,Major
M23,人文科学试验班（国家专项）,Major
M24,法学（国家专项）,Major
M25,经济学类（国家专项）,Major
M26,社会科学试验班（管理学科类，国家专项）,Major
M27,新闻传播学类（国家专项）,Major
M28,英语（国家专项）,Major
M29,工商管理类（国家专项）,Major
M30,国际政治（国家专项）,Major
M31,金融学类（国家专项）,Major
M32,社会学类（国家专项）,Major
M33,德语,Major
M34,俄语,Major
M35,法语,Major
M36,日语,Major
M37,西班牙语,Major
M38,英语,Major
M39,公共管理类,Major
M40,理科试验班（环境理工、环境经管）,Major
M41,理科试验班（信息与数学）,Major
M42,农业经济管理类,Major
M43,统计学类,Major
M44,信息资源管理,Major
M45,政治学、经济学与哲学（PPE实验班）,Major
M46,美术学,Major
M47,理科试验班（物理、化学与心理学）,Major
M48,理科试验班（物理、化学与心理学，国家专项）,Major
M49,理科试验班（信息与数学，国家专项）,Major
M50,公共管理类（国家专项）,Major
M51,统计学类（国家专项）,Major
M52,信息资源管理（国家专项）,Major
M53,农业经济管理类（国家专项）,Major
M54,理科试验班（环境理工、环境经管，国家专项）,Major
M55,法学（民考汉）,Major
M56,国际政治（民考汉）,Major
M57,经济学类（民考汉）,Major
M58,理科试验班（环境理工、环境经管，民考汉）,Major
M59,农业经济管理类（民考汉）,Major
M60,人文科学试验班（民考汉）,Major
M61,新闻传播学类（民考汉）,Major
M62,信息资源管理（民考汉）,Major
M63,绘画(加权成绩),Major
M64,设计学类(加权成绩),Major
M65,美术学(加权成绩),Major
M66,交通运输类,Major
M67,土木类,Major
M68,建筑类,Major
M69,机械类,Major
M70,理科试验班类,Major
M71,电子信息类(通信与控制),Major
M72,电气工程及其自动化(新能源国际班),Major
M73,电气类,Major
M74,经济管理试验班,Major
M75,计算机类,Major
M76,软件工程,Major
M77,文科试验班类（语言与传播）,Major
M78,电子信息类（通信与控制）,Major
M79,电气工程及其自动化（新能源国际班）,Major
M80,科学教育（师范）,Major
M81,生物科学类,Major
M82,园林,Major
M83,植物生产类,Major
M84,电气工程及其自动化,Major
M85,化工与制药类,Major
M86,临床医学,Major
M87,材料科学与工程,Major
M88,电子信息工程,Major
M89,动物科学,Major
M90,动物医学,Major
M91,工业工程,Major
M92,护理学,Major
M93,化学,Major
M94,环境工程,Major
M95,教育学,Major
M96,科学教育学,Major
M97,口腔医学,Major
M98,临床药学,Major
M99,农林经济管理,Major
M100,农业资源与环境,Major
M101,葡萄与葡萄酒工程,Major
M102,人文地理与城乡规划,Major
M103,社会工作,Major
M104,食品科学与工程类,Major
M105,数学与应用数学,Major
M106,水利类,Major
M107,新闻传播类,Major
M108,学前教育,Major
M109,药学,Major
M110,医学检验技术,Major
M111,应用物理学,Major
M112,应用心理学,Major
M113,政治学与行政学,Major
M114,中国语言文学类,Major
M115,中药学,Major
M116,公共事业管理,Major
M117,汉语言文学（师范类）,Major
M118,科学教育（师范类）,Major
M119,数学与应用数学(师范类),Major
M120,医学影像学,Major
M121,英语（师范类）,Major
M122,预防医学,Major
M123,临床医学（分院）,Major
M124,预防医学（分院）,Major
M125,科学教育,Major
M126,林学,Major
M127,教育学（师范）,Major
M128,学前教育（师范）,Major
M129,波斯语,Major
M130,建筑学,Major
M131,食品科学与工程,Major
M132,汉语言文学(师范类),Major
M133,口腔医学（五年）,Major
M134,电气工程及自动化,Major
M135,教育学（师范类）,Major
M136,葡萄酒与葡萄酒工程,Major
M137,新闻传播学,Major
M138,学前教育（师范类),Major
M139,汉语言文学,Major
M140,化学（师范类）,Major
M141,学前教育（师范类）,Major
M142,数学和应用数学,Major
M143,经济学,Major
M144,信息管理与信息系统,Major
M145,土木工程,Major
M146,电子商务,Major
M147,给排水科学与工程,Major
M148,工商管理类（国家贫困专项）,Major
M149,工商管理类（理工）,Major
M150,工商管理类（文史）,Major
M151,国际经济与贸易,Major
M152,护理学（理工）,Major
M153,护理学（文史）,Major
M154,化学工程与工艺,Major
M155,机械设计制造及其自动化,Major
M156,计算机科学与技术,Major
M157,教育技术学,Major
M158,教育学（理工）,Major
M159,教育学（文史）,Major
M160,金融学,Major
M161,经济统计学,Major
M162,临床医学（专科）,Major
M163,旅游管理,Major
M164,农业机械化及其自动化,Major
M165,农业水利工程,Major
M166,生物技术,Major
M167,生物科学,Major
M168,食品质量与安全,Major
M169,水利水电工程,Major
M170,物理学,Major
M171,物流管理,Major
M172,新闻学（理工）,Major
M173,新闻学（文史）,Major
M174,信息与计算科学,Major
M175,药学（国家贫困专项）,Major
M176,药学（专科）,Major
M177,应用化学,Major
M178,应用心理学（理工）,Major
M179,应用心理学（文史）,Major
M180,英语（理工）,Major
M181,英语（文史）,Major
M182,国际经济与贸易（理工）,Major
M183,国际经济与贸易（文史）,Major
M184,环境工程（国家贫困专项）,Major
M185,临床医学（国家贫困专项）,Major
M186,土地资源管理,Major
M187,阿拉伯语,Major
M188,中国少数民族语言文学,Major
M189,旅游管理（理工）,Major
M190,旅游管理（文史）,Major
M191,电子商务(理工),Major
M192,电子商务(文史),Major
M193,机械设计制造及其自动化（国家贫困专项）,Major
M194,农林经济管理（理工）,Major
M195,农林经济管理（文史）,Major
M196,土木工程（国家贫困专项）,Major
M197,物流管理（理工）,Major
M198,物流管理（文史）,Major
M199,新闻学,Major
M200,新闻学（国家贫困专项）,Major
M201,政治学与行政学（国家贫困专项）,Major
M202,制药工程,Major
M203,电子商务（理工）,Major
M204,电子商务（文史）,Major
M205,俄语（理工）,Major
M206,俄语（文史）,Major
M207,中国少数民族语言文学（理工）,Major
M208,中国少数民族语言文学（文史）,Major
M209,金融学（国家贫困专项）,Major
M210,口腔医学（国家贫困专项）,Major
M211,法学（国家贫困专项）,Major
M212,英语（国家贫困专项）,Major
M213,电气工程及其自动化（国家贫困专项）,Major
M214,临床医学(藏语),Major
M215,临床医学(汉语),Major
M216,医学影像学（国家贫困专项）,Major
M217,阿拉伯语（理工）,Major
M218,阿拉伯语（文史）,Major
M219,工商管理类（理工国家贫困专项）,Major
M220,工商管理类（文史国家贫困专项）,Major
M221,电气工程及其自动化(专项理）,Major
M222,法学(南单文）,Major
M223,法学(专项文）,Major
M224,工商管理类(专项理）,Major
M225,工商管理类(专项文）,Major
M226,汉语言（民考汉理工）,Major
M227,汉语言(民考汉南单理）,Major
M228,汉语言(民考汉南单文）,Major
M229,汉语言（民考汉文史）,Major
M230,汉语言文学（双语班）,Major
M231,汉语言文学(双语班南单文）,Major
M232,护理(三校高职),Major
M233,护理学(南单理）,Major
M234,化学(南单理）,Major
M235,环境工程(专项理）,Major
M236,机械设计及其自动化(专项理）,Major
M237,计算机科学与技术 (南单理）,Major
M238,计算机科学与技术（定向）,Major
M239,金融学(专项理）,Major
M240,口腔医学(南单理）,Major
M241,临床医学（定向）,Major
M242,临床医学（民考汉）,Major
M243,临床医学（南疆单列专科）,Major
M244,临床医学(专项理）,Major
M245,旅游管理（双语班理工）,Major
M246,旅游管理(双语班南单理）,Major
M247,旅游管理（双语班文史）,Major
M248,社会工作(专项文）,Major
M249,数学与应用数学(南单理）,Major
M250,土木工程(专项理）,Major
M251,药学(南单理）,Major
M252,药学(专项理）,Major
M253,英语(南单理）,Major
M254,英语(南单文）,Major
M255,英语(专项理）,Major
M256,英语(专项文）,Major
M257,预防医学(南单理）,Major
M258,政治与行政学,Major
M259,政治与行政学(专项文）,Major
M260,植物生产类（双语班）,Major
M261,财务管理,Major
M262,地理科学,Major
M263,工商管理,Major
M264,会计学,Major
M265,历史学,Major
M266,农学,Major
M267,设施农业科学与工程,Major
M268,审计学,Major
M269,市场营销,Major
M270,视觉传达设计,Major
M271,音乐学,Major
M272,园艺,Major
M273,植物保护,Major
M274,种子科学与工程,Major
M275,体育教育,Major
M276,汉语言,Major
M277,汉语言#H,Major
M278,计算机科学与技术(定向),Major
M279,理科试验班类(高等理科学院),Major
M280,工科试验班类(医工交叉试验班),Major
M281,工科试验班类(国际通用工程学院),Major
M282,工科试验班类(信息类),Major
M283,工科试验班类(航空航天类),Major
M284,理科试验班类(中法工程师学院),Major
M285,社会科学试验班,Major
M286,理科试验班类（高等理科学院）,Major
M287,工科试验班类（国际通用工程学院）,Major
M288,工科试验班类（信息类）,Major
M289,工科试验班类（医工交叉试验班）,Major
M290,工科试验班类（航空航天类）,Major
M291,理科试验班类（中法工程师学院）,Major
M292,徐特立英才班,Major
M293,宇航与机电类,Major
M294,智能制造与车辆实验班,Major
M295,信息科学技术,Major
M296,电子信息工程(实验班),Major
M297,理学与材料菁英班,Major
M298,社会科学试验班(精品文科班),Major
M299,宇航与机电类(国家专项),Major
M300,智能制造与车辆实验班(国家专项),Major
M301,信息科学技术(国家专项),Major
M302,电子信息工程(实验班)(国家专项),Major
M303,理学与材料菁英班(国家专项),Major
M304,经济管理试验班(国家专项),Major
M305,设计学类(工业设计),Major
M306,会计学(中外合作办学),Major
M307,宇航与机电类(民族班),Major
M308,智能制造与车辆实验班(民族班),Major
M309,信息科学技术(民族班),Major
M310,理学与材料菁英班(民族班),Major
M311,经济管理试验班(民族班),Major
M312,电子信息工程(实验班)(民族班),Major
M313,航空航天与武器类,Major
M314,车辆类,Major
M315,电子信息工程（实验班）,Major
M316,设计学类（工业设计）,Major
M317,社会科学试验班（精品文科班）,Major
M318,航空航天与武器类（国家专项）,Major
M319,车辆类（国家专项）,Major
M320,信息科学技术（国家专项）,Major
M321,电子信息工程（实验班）（国家专项）,Major
M322,理学与材料菁英班（国家专项）,Major
M323,经济管理试验班（国家专项）,Major
M324,会计学（中外合作办学）,Major
M325,数学菁英班,Major
M326,物理菁英班,Major
M327,化学化工菁英班,Major
M328,航空航天类,Major
M329,兵器类,Major
M330,光电信息科学与工程,Major
M331,电子信息类,Major
M332,电子信息类（实验班）,Major
M333,自动化类,Major
M334,材料类,Major
M335,生物医学工程类,Major
M336,数学菁英班（国家专项）,Major
M337,物理菁英班（国家专项）,Major
M338,化学化工菁英班（国家专项）,Major
M339,航空航天类（国家专项）,Major
M340,兵器类（国家专项）,Major
M341,机械类（国家专项）,Major
M342,光电信息科学与工程（国家专项）,Major
M343,电子信息类（国家专项）,Major
M344,自动化类（国家专项）,Major
M345,计算机类（国家专项）,Major
M346,材料类（国家专项）,Major
M347,生物医学工程类（国家专项）,Major
M348,设计学类（工业设计）（国家专项）,Major
M349,社会科学试验班（国家专项）,Major
M350,工科试验班类(卓越计划),Major
M351,管理科学与工程类,Major
M352,能源动力类,Major
M353,通信工程,Major
M354,数学类,Major
M355,经济与贸易类,Major
M356,环境科学与工程类,Major
M357,安全工程,Major
M358,冶金工程,Major
M359,矿业类,Major
M360,工科试验班（高材精英班）,Major
M361,理科试验班（化学优培计划）,Major
M362,工科试验班（大数据技术）,Major
M363,工科试验班（绿色化工与新能源类）,Major
M364,工科试验班（生工高精尖班）,Major
M365,机械类（高端装备与智能制造、机器人）,Major
M366,生物工程类（绿色生物制造与生物安全）,Major
M367,化学类,Major
M368,材料类(先进材料及绿色制造),Major
M369,电子科学与技术,Major
M370,材料类（特种功能先进材料及全周期绿色设计与制造）,Major
M371,生物工程类,Major
M372,机械类（高端装备与智能制造）,Major
M373,化学工程与工艺-英才班,Major
M374,高分子材料与工程,Major
M375,应用化学-优培计划,Major
M376,化学-优培计划,Major
M377,功能材料,Major
M378,自动化,Major
M379,能源化学工程,Major
M380,公共管理类　,Major
M381,测控技术与仪器,Major
M382,法学（汉）,Major
M383,法学（藏）,Major
M384,通信工程(+人工智能，大类招生),Major
M385,科技与创意设计试验班,Major
M386,邮政工程(互联网与智慧物流),Major
M387,网络空间安全,Major
M388,电磁场与无线技术,Major
M389,理科试验班(数学与信息科学),Major
M390,理科试验班(信息与通信基础科学),Major
M391,电信工程及管理（中外合作办学）,Major
M392,电子商务及法律（中外合作办学）,Major
M393,物联网工程（中外合作办学）,Major
M394,信息安全,Major
M395,邮政管理(互联网与智慧物流),Major
M396,通信工程(双一流实验班，大类招生),Major
M397,自动化类(机器人与人工智能),Major
M398,公共事业管理（文科）,Major
M399,英语（文科）,Major
M400,日语（文科）,Major
M401,法学（文科）,Major
M402,电子信息类(信息通信),Major
M403,电子信息类(电子工程),Major
M404,机械工程,Major
M405,邮政工程,Major
M406,邮政管理,Major
M407,国际经济与贸易（文科）,Major
M408,风景园林,Major
M409,野生动物与自然保护区管理,Major
M410,城乡规划（五年制）,Major
M411,园艺（观赏园艺方向）,Major
M412,环境科学,Major
M413,商务英语,Major
M414,林学类,Major
M415,地理信息科学,Major
M416,车辆工程,Major
M417,水土保持与荒漠化防治,Major
M418,信息管理与信息系统（管理信息方向）,Major
M419,林业工程类,Major
M420,电子信息科学与技术,Major
M421,木材科学与工程（中加合作办学项目）,Major
M422,自然地理与资源环境,Major
M423,草业科学（草坪科学与管理方向）,Major
M424,生物技术（中加合作办学项目）,Major
M425,统计学,Major
M426,野生动物与自然保护区管理（森林康养方向）,Major
M427,农林经济管理（梁希实验班）,Major
M428,通信工程(无线多媒体广播技术方向),Major
M429,光电信息科学与工程(智能影像工程方向),Major
M430,数据科学与大数据技术,Major
M431,网络工程,Major
M432,智能科学与技术(智能媒体技术方向),Major
M433,自动化(演艺工程与智能技术方向),Major
M434,广播电视工程,Major
M435,数字媒体技术,Major
M436,数据科学与大数据技术(传媒大数据方向),Major
M437,数字媒体技术(游戏设计技术方向),Major
M438,传播学(媒体市场调查与分析方向),Major
M439,广播电视学,Major
M440,文化产业管理(制片管理、公共文化与创意设计方向),Major
M441,翻译,Major
M442,行政管理(智慧城市治理方向),Major
M443,汉语国际教育,Major
M444,广告学,Major
M445,广告学(数字营销方向),Major
M446,公共关系学,Major
M447,网络与新媒体(智能融媒体运营方向),Major
M448,传播学,Major
M449,网络与新媒体(媒体创意方向),Major
M450,数字媒体技术（游戏设计技术方向）,Major
M451,自动化（演艺工程与舞台技术方向）,Major
M452,通信工程（无线多媒体广播技术方向）,Major
M453,网络与新媒体（新媒体网络经营方向）,Major
M454,传播学（媒体市场调查与分析方向）,Major
M455,软件工程（移动互联网方向）,Major
M456,信息管理与信息系统（大数据与商务分析方向）,Major
M457,文化产业管理（制片管理、公共文化与创意设计方向）,Major
M458,行政管理（智慧城市治理方向）,Major
M459,网络与新媒体（媒体创意方向）,Major
M460,应用统计学,Major
M461,计算机科学与技术（大数据技术与应用方向）,Major
M462,社会学,Major
M463,行政管理,Major
M464,文化产业管理（影视制片管理、文化经纪方向）,Major
M465,新闻学(数据新闻报道方向),Major
M466,教育学（国家试点学院）,Major
M467,经济学(实验班）,Major
M468,国际经济与贸易(瀚德实验1班德语，仅招有专业志愿考生),Major
M469,工商管理（国际商务管理实验班）,Major
M470,法学（瀚德实验2班法语，仅招有专业志愿考生）,Major
M471,心理学,Major
M472,传播学（网络新媒体方向）,Major
M473,物理学（协同创新实验班）,Major
M474,物理学（基地班）,Major
M475,地理科学类（基地班：自然地理与资源环境、人文地理与城乡规划、地理信息科学）,Major
M476,资源环境科学（本研一体培养班）,Major
M477,环境科学与工程类（环境科学、环境工程、环境生态工程）,Major
M478,生物科学类（生物科学、生物技术、生态学）,Major
M479,人力资源管理（含公共事业管理专业、人力资源管理专业）,Major
M480,人文科学试验班（可选专业：汉语言文学、历史学、哲学）,Major
M481,理科试验班（可选专业：数学、物理学、化学、生物学）,Major
M482,经济学（实验班）,Major
M483,国际经济与贸易（瀚德实验2班）葡萄牙语,Major
M484,法学（卓越实验班）,Major
M485,法学（瀚德实验1班）西班牙语,Major
M486,环境科学（含环境科学专业、环境工程专业、环境生态学）,Major
M487,生物科学类（含生物科学专业、生物技术专业、生态学）,Major
M488,管理科学与工程类（管理科学专业<金融工程方向>）,Major
M489,国际经济与贸易（瀚德实验1班德语，招有专业志愿考生）,Major
M490,管理科学与工程类（含信息管理与信息系统专业、管理科学专业<金融工程方向>）,Major
M491,国际经济与贸易（瀚德实验1班德语，仅招有专业志愿考生）,Major
M492,学前教育（仅招有专业志愿考生）,Major
M493,国际经济与贸易（瀚德实验2班葡萄牙语，仅招有专业志愿考生）,Major
M494,法学（瀚德实验1班西班牙语，仅招有专业志愿考生）,Major
M495,人文科学试验班（可选专业：汉语言文学、历史、哲学）,Major
M496,理科试验班（可选专业：数学、物理、化学、生物）,Major
M497,国际经济与贸易（瀚德实验班2班葡萄牙语，仅招有专业志愿考生）,Major
M498,教育学(国家试点学院),Major
M499,环境科学与工程类（含环境科学专业、环境工程专业、环境生态工程）,Major
M500,生物科学类（含生物科学专业、生物技术、生态学）,Major
M501,经济学(实验班),Major
M502,地理科学类(基地班：自然地理与资源环境、人文地理与城乡规划、地理信息科学）,Major
M503,法学（瀚德实验班2班法语，仅招有专业志愿考生）,Major
M504,国际经济与贸易（瀚德实验班1班）德语,Major
M505,法学（瀚德实验1班西班牙语仅，招有专业志愿考生）,Major
M506,法学（瀚德实验班1班）西班牙语,Major
M507,管理科学与工程类（管理科学<金融工程方向>,Major
M508,人力资源管理（人力资源管理、公共事业管理）,Major
M509,学前教育（公费师范生，仅招有专业志愿考生）,Major
M510,生物科学类（生物科学、生物技术、生态学）（公费师范生）,Major
M511,地理科学（公费师范生）,Major
M512,学前教育（仅招有专业志愿报考考生）,Major
M513,国际经济与贸易（瀚德实验1班）德语,Major
M514,法学（瀚德实验2班）法语,Major
M515,化学类(含化学、应用化学),Major
M516,学前教育(师范),Major
M517,文物与博物馆学,Major
M518,海洋资源开发技术,Major
M519,能源动力类(含能源与动力工程、能源与环境系统工程),Major
M520,音乐学（师范）,Major
M521,动画,Major
M522,美术学类,Major
M523,设计学类,Major
M524,音乐学（师范）(器乐)（大提琴）,Major
M525,音乐学（师范）(声乐),Major
M526,广播电视编导,Major
M527,舞蹈学,Major
M528,体育教育(师范),Major
M529,播音与主持艺术,Major
M530,社会体育指导与管理,Major
M531,中国语言文学类(含汉语言文学(基地班)、秘书学、古典文献学),Major
M532,劳动与社会保障,Major
M533,化学(师范),Major
M534,历史学(师范),Major
M535,哲学,Major
M536,地理科学(师范),Major
M537,外国语言文学类(含英语、俄语、德语、法语、日语、意大利语),Major
M538,小学教育(师范),Major
M539,工商管理类(含市场营销、工商管理、人力资源管理),Major
M540,建筑环境与能源应用工程,Major
M541,思想政治教育,Major
M542,思想政治教育(师范),Major
M543,教育学(师范),Major
M544,教育技术学(师范),Major
M545,数学与应用数学(师范),Major
M546,数学类(含数学与应用数学(基地班)、信息与计算科学),Major
M547,新闻传播学类(含新闻学、广播电视学、广告学、网络与新媒体),Major
M548,汉语言文学(师范),Major
M549,测绘工程,Major
M550,物理学(师范),Major
M551,环境科学与工程类(含环境科学、环境工程),Major
M552,生物工程,Major
M553,生物科学(师范),Major
M554,生物科学类(含生物科学(基地班)、 生物技术),Major
M555,电子信息类(含电子信息工程、通信工程、光电信息科学与工程),Major
M556,电气工程及其自动化(中外合作办学),Major
M557,社会学类(含社会学、社会工作),Major
M558,翻译(双外语),Major
M559,英语(中美合作1+2+1),Major
M560,英语(师范),Major
M561,计算机科学与技术(师范),Major
M562,软件工程(嵌入式培养),Major
M563,金融数学,Major
M564,化学类(化学、应用化学),Major
M565,教育学类(学前教育、小学教育)(师范),Major
M566,能源动力类(能源与动力工程、能源与环境系统工程),Major
M567,音乐学(师范),Major
M568,地理科学类(自然地理与资源环境、人文地理与城乡规划、地理信息科学),Major
M569,工商管理类(工商管理、人力资源管理),Major
M570,电子信息类(电子信息工程、通信工程、光电信息科学与工程),Major
M571,中国语言文学类(汉语言文学、秘书学)(含国家文科基地班),Major
M572,环境科学与工程类(环境工程、环境科学),Major
M573,英语(双外语),Major
M574,新闻传播学类(新闻学、广播电视学、广告学、网络与新媒体),Major
M575,生物科学类(生物科学、生物技术)(含国家理科基地班),Major
M576,外国语言文学类(俄语、西班牙语、法语、日语、朝鲜语)(双外语),Major
M577,数学类(数学与应用数学、信息与计算科学)(含基地班),Major
M578,电气类(中外合作办学)(电气工程及其自动化),Major
M579,古典文献学,Major
M580,历史学类,Major
M581,地理科学类,Major
M582,外国语言文学类(双外语),Major
M583,行政管理(中美合作1+2+1),Major
M584,德语（国际传播）,Major
M585,外交学,Major
M586,法语（国际关系）,Major
M587,世界史,Major
M588,外交学（法语与法语国家研究）,Major
M589,政治学与行政学（公共政策与国际组织）,Major
M590,国际商务（德语与德语国家研究）,Major
M591,德语（商务）,Major
M592,金融学（俄语与俄语国家研究）,Major
M593,信息管理与信息系统（大数据与商务分析）,Major
M594,俄语（金融）,Major
M595,外交学（国际组织与全球治理）,Major
M596,西班牙语（商务）,Major
M597,金融学（国际组织与全球治理）,Major
M598,国际经济与贸易（中外合作办学）,Major
M599,僧伽罗语,Major
M600,尼泊尔语,Major
M601,泰米尔语,Major
M602,地球化学,Major
M603,地球物理学,Major
M604,地下水科学与工程,Major
M605,地质工程,Major
M606,地质学,Major
M607,地质学（地质地球物理复合）,Major
M608,地质学（基地班）,Major
M609,地质学（旅游地学）,Major
M610,海洋科学,Major
M611,海洋资源与环境,Major
M612,勘查技术与工程,Major
M613,石油工程,Major
M614,水文与水资源工程,Major
M615,土地整治工程,Major
M616,资源勘查工程（固体矿产）,Major
M617,资源勘查工程（能源）,Major
M618,资源勘查工程（新能源地质与工程）,Major
M619,宝石及材料工艺学,Major
M620,材料化学,Major
M621,材料物理,Major
M622,地质学（理科基地班）,Major
M623,工商管理（地球科学与商务）,Major
M624,文科统招,Major
M625,工商管理（地球科学与商务方向）,Major
M626,城市地下空间工程,Major
M627,安全科学与工程类,Major
M628,信息工程,Major
M629,工程力学,Major
M630,测绘类,Major
M631,地质类,Major
M632,矿物加工工程,Major
M633,采矿工程,Major
M634,遥感科学与技术,Major
M635,消防工程,Major
M636,材料成型及控制工程,Major
M637,纺织工程,Major
M638,城乡规划,Major
M639,交通工程,Major
M640,酒店管理,Major
M641,能源与动力工程,Major
M642,资源勘查工程,Major
M643,过程装备与控制工程,Major
M644,服装设计与工程,Major
M645,工程管理,Major
M646,工业设计,Major
M647,生态学,Major
M648,汉语言文学（文学/汉）,Major
M649,采矿工程（普通类）,Major
M650,地质工程（普通类）,Major
M651,资源勘查工程（普通类）,Major
M652,电气工程及其自动化（普通类）,Major
M653,能源与动力工程（普通类）,Major
M654,自动化（普通类）,Major
M655,法学（普通类）,Major
M656,纺织工程（普通类）,Major
M657,服装与服饰设计（普通类）,Major
M658,服装设计与工程（普通类/工）,Major
M659,视觉传达设计（普通类）,Major
M660,汉语国际教育（普通类）,Major
M661,高分子材料与工程（普通类）,Major
M662,化学工程与工艺(普通类）,Major
M663,过程装备与控制工程（普通类）,Major
M664,化学（普通类）,Major
M665,材料成型及控制工程（普通类）,Major
M666,工业工程（普通类）,Major
M667,机械工程（普通类）,Major
M668,交通工程（普通类）,Major
M669,工业设计（普通类）,Major
M670,测绘工程（普通类）,Major
M671,给排水科学与工程（普通类）,Major
M672,工程管理（普通类）,Major
M673,城乡规划（普通类）,Major
M674,建筑环境与能源应用工程（普通类）,Major
M675,建筑学（普通类）,Major
M676,土木工程（/普通类）,Major
M677,工商管理（普通类）,Major
M678,金融学（普通类）,Major
M679,经济学（普通类）,Major
M680,物流管理（普通类）,Major
M681,市场营销（普通类）,Major
M682,酒店管理（普通类）,Major
M683,旅游管理（普通类）,Major
M684,思想政治教育（普通类）,Major
M685,汉语言文学(普通类),Major
M686,历史学（普通类）,Major
M687,中国少数民族语言文学（维吾尔语言/普通类）,Major
M688,软件工程（普通类）,Major
M689,生物工程（普通类）,Major
M690,生物科学（普通类）,Major
M691,食品科学与工程（普通类）,Major
M692,统计学（普通类）,Major
M693,信息与计算科学（普通类）,Major
M694,数学与应用数学（普通类）,Major
M695,俄语（普通类）,Major
M696,英语（普通类）,Major
M697,材料科学与工程（普通类）,Major
M698,物理学（普通类）,Major
M699,新闻学（普通类）,Major
M700,广告学（普通类）,Major
M701,电子信息工程（普通类）,Major
M702,计算机科学与技术（普通类）,Major
M703,通信工程（普通类）,Major
M704,信息安全（普通类）,Major
M705,国际政治（普通类）,Major
M706,行政管理（普通类）,Major
M707,劳动与社会保障（普通类）,Major
M708,政治学与行政学（普通类）,Major
M709,环境科学（普通类）,Major
M710,生态学（普通类）,Major
M711,思想政治教育（单列）,Major
M712,政治学与行政学（单列）,Major
M713,国际政治（单列）,Major
M714,行政管理（单列）,Major
M715,劳动与社会保障（单列）,Major
M716,经济学（单列）,Major
M717,金融学（单列）,Major
M718,法学（单列）,Major
M719,汉语言文学（单列）,Major
M720,广告学（单列）,Major
M721,新闻学（单列）,Major
M722,英语（单列）,Major
M723,俄语（单列）,Major
M724,数学与应用数学（单列）,Major
M725,信息与计算科学（单列）,Major
M726,统计学（单列）,Major
M727,材料科学与工程（单列）,Major
M728,化学（单列）,Major
M729,过程装备与控制工程（单列）,Major
M730,高分子材料与工程（单列）,Major
M731,化学工程与工艺（单列）,Major
M732,生物科学（单列）,Major
M733,生物工程（单列）,Major
M734,食品科学与工程（单列）,Major
M735,食品科学与工程（定向）（单列）,Major
M736,生态学（单列）,Major
M737,环境科学（单列）,Major
M738,计算机科学与技术（单列）,Major
M739,信息安全（单列）,Major
M740,通信工程（单列）,Major
M741,电子信息工程（单列）,Major
M742,机械工程（单列）,Major
M743,材料成型及控制工程（单列）,Major
M744,工业设计（单列）,Major
M745,交通工程（单列）,Major
M746,工业工程（单列）,Major
M747,电气工程及其自动化（单列）,Major
M748,自动化（单列）,Major
M749,能源与动力工程（单列）,Major
M750,给排水科学与工程（单列）,Major
M751,测绘工程（单列）,Major
M752,土木工程（单列）,Major
M753,土木工程(定向)（单列）,Major
M754,工程管理（单列）,Major
M755,建筑环境与能源应用工程（单列）,Major
M756,城乡规划（单列）,Major
M757,纺织工程（定向）（单列）,Major
M758,视觉传达设计（单列）,Major
M759,服装与服饰设计（单列）,Major
M760,资源勘查工程（单列）,Major
M761,地质工程（单列）,Major
M762,采矿工程（单列）,Major
M763,旅游管理（单列）,Major
M764,酒店管理（单列）,Major
M765,软件工程（单列）,Major
M766,汉语国际教育（单列）,Major
M767,思想政治教育（双语类）,Major
M768,政治学与行政学（双语类）,Major
M769,国际政治（双语类）,Major
M770,行政管理（双语类）,Major
M771,劳动与社会保障（双语类）,Major
M772,经济学（双语类）,Major
M773,金融学（双语类）,Major
M774,物流管理（双语类）,Major
M775,市场营销（双语类）,Major
M776,工商管理（双语类）,Major
M777,法学（双语类）,Major
M778,历史学（双语类）,Major
M779,广告学(双语类),Major
M780,新闻学（双语类）,Major
M781,俄语（双语类）,Major
M782,数学与应用数学（双语类）,Major
M783,信息与计算科学（双语类）,Major
M784,统计学（双语类）,Major
M785,物理学（双语类）,Major
M786,材料科学与工程（双语类）,Major
M787,化学（双语类）,Major
M788,过程装备与控制工程（双语类）,Major
M789,高分子材料与工程（双语类）,Major
M790,化学工程与工艺（双语类）,Major
M791,生物科学（双语类）,Major
M792,生物工程（双语类）,Major
M793,食品科学与工程（双语类）,Major
M794,生态学（双语类）,Major
M795,环境科学（双语类）,Major
M796,计算机科学与技术（双语类）,Major
M797,信息安全（双语类）,Major
M798,通信工程（双语类）,Major
M799,电子信息工程（双语类）,Major
M800,工业设计(双语类),Major
M801,材料成型及控制工程(双语类),Major
M802,机械工程（双语类）,Major
M803,交通工程（双语类）,Major
M804,工业工程（双语类）,Major
M805,电气工程及其自动化（双语类）,Major
M806,自动化（双语类）,Major
M807,能源与动力工程（双语类）,Major
M808,给排水科学与工程（双语类）,Major
M809,土木工程（双语类）,Major
M810,测绘工程（双语类）,Major
M811,工程管理（双语类）,Major
M812,建筑环境与能源应用工程（双语类）,Major
M813,建筑学（双语类）,Major
M814,城乡规划（双语类）,Major
M815,纺织工程（双语类）,Major
M816,服装设计与工程（双语类）,Major
M817,视觉传达设计(双语类),Major
M818,服装与服饰设计（双语类）,Major
M819,资源勘查工程（双语类）,Major
M820,地质工程（双语类）,Major
M821,采矿工程（双语类）,Major
M822,旅游管理（双语类）,Major
M823,酒店管理（双语类）,Major
M824,软件工程（双语类）,Major
M825,汉语国际教育（双语类）,Major
M826,地理信息科学（普通类）,Major
M827,服装设计与工程（普通类）,Major
M828,工商管理类（普通类）,Major
M829,化学工程与工艺（普通类）,Major
M830,机械类（普通类）,Major
M831,社会学（普通类）,Major
M832,数据科学与大数据技术（普通类）,Major
M833,水文与水资源工程（普通类）,Major
M834,土木工程（普通类）,Major
M835,网络空间安全（普通类）,Major
M836,新闻传播学类（普通类）,Major
M837,中国语言文学类（普通类）,Major
M838,自然地理与资源环境（普通类）,Major
M839,城乡规划（单列类）,Major
M840,地质工程（单列类）,Major
M841,电气工程及其自动化（单列类）,Major
M842,电子信息工程（单列类）,Major
M843,俄语（单列类）,Major
M844,法学（单列类）,Major
M845,工程管理（单列类）,Major
M846,工商管理类（单列类）,Major
M847,国际政治（单列类）,Major
M848,汉语国际教育（单列类）,Major
M849,行政管理（单列类）,Major
M850,化学（单列类）,Major
M851,化学工程与工艺（单列类）,Major
M852,环境科学（单列类）,Major
M853,机械类（单列类）,Major
M854,计算机科学与技术（单列类）,Major
M855,建筑学（单列类）,Major
M856,交通工程（单列类）,Major
M857,金融学（单列类）,Major
M858,经济学（单列类）,Major
M859,酒店管理（单列类）,Major
M860,劳动与社会保障（单列类）,Major
M861,历史学（单列类）,Major
M862,旅游管理（单列类）,Major
M863,能源与动力工程（单列类）,Major
M864,软件工程（单列类）,Major
M865,社会学（单列类）,Major
M866,生物工程（单列类）,Major
M867,生物科学（单列类）,Major
M868,食品科学与工程（单列类）,Major
M869,数据科学与大数据技术（单列类）,Major
M870,数学与应用数学（单列类）,Major
M871,水文与水资源工程（单列类）,Major
M872,思想政治教育（单列类）,Major
M873,通信工程（单列类）,Major
M874,统计学（单列类）,Major
M875,土木工程（单列类）,Major
M876,网络空间安全（单列类）,Major
M877,物理学（单列类）,Major
M878,物流管理（单列类）,Major
M879,新闻传播学类（单列类）,Major
M880,信息安全（单列类）,Major
M881,信息与计算科学（单列类）,Major
M882,英语（单列类）,Major
M883,政治学与行政学（单列类）,Major
M884,中国语言文学类（单列类）,Major
M885,资源勘查工程（单列类）,Major
M886,自动化（单列类）,Major
M887,自然地理与资源环境（单列类）,Major
M888,地理信息科学（双语类）,Major
M889,工商管理类（双语类）,Major
M890,机械类（双语类）,Major
M891,社会学（双语类）,Major
M892,数据科学与大数据技术（双语类）,Major
M893,水文与水资源工程（双语类）,Major
M894,网络空间安全（双语类）,Major
M895,新闻传播学类（双语类）,Major
M896,中国语言文学类（双语类）,Major
M897,自然地理与资源环境（双语类）,Major
M898,能源动力类（能动）,Major
M899,能源动力类（新能源）,Major
M900,核工程类,Major
M901,物理学类,Major
M902,法学类,Major
M903,能源动力类 ?（能动）,Major
M904,管理科学与 ?工程类,Major
M905,能源动力类 ?（新能源）,Major
M906,环境科学与 ?工程类,Major
M907,体育经济与管理,Major
M908,克罗地亚语,Major
M909,匈牙利语,Major
M910,塞尔维亚语,Major
M911,捷克语,Major
M912,数据科学与大数据,Major
M913,波兰语,Major
M914,网络与新媒体,Major
M915,葡萄牙语,Major
M916,运动人体科学,Major
M917,运动康复,Major
M918,马克思主义理论,Major
M919,体育经济与管理     ,Major
M920,公共事业管理     ,Major
M921,应用心理学      ,Major
M922,运动人体科学      ,Major
M923,运动康复     ,Major
M924,法学（民商法律）,Major
M925,法学（刑事法律）,Major
M926,法学（经济法）,Major
M927,法学（国际经济法）,Major
M928,法学（本硕贯通卓越法律人才实验班）,Major
M929,法学（涉外卓越国际金融法律人才实验班）,Major
M930,新闻学（卓越人才实验班）,Major
M931,日语（涉外法商）,Major
M932,侦查学（经济侦查）,Major
M933,治安学,Major
M934,侦查学（刑事侦查）,Major
M935,法学（涉外卓越商事法律人才实验班）,Major
M936,文化产业管理,Major
M937,社会学（社会管理）,Major
M938,金融学（金融工程）,Major
M939,计算机科学与技术（网络与信息安全方向）,Major
M940,法学（沪港交流涉外卓越法律人才实验班）,Major
M941,新闻学（法制新闻）,Major
M942,汉语言文学（法商文秘）,Major
M943,英语（涉外法商）,Major
M944,翻译（涉外法商）,Major
M945,德语（涉外法商）,Major
M946,知识产权（卓越人才实验班）,Major
M947,边防管理,Major
M948,法学（沪港合作涉外卓越法律人才实验班）,Major
M949,新闻学(法制新闻）,Major
M950,法律（民商法律）,Major
M951,法学(经济法）,Major
M952,法学类（卓越法律人才实验班）,Major
M953,法学类(卓越法律人才实验班）,Major
M954,计算机科学与技术（网信安全）,Major
M955,金融学（数量金融）,Major
M956,法学类（卓越人才实验班）,Major
M957,车辆工程（卓越计划）,Major
M958,金属材料工程,Major
M959,生物医学工程,Major
M960,自动化（卓越计划）,Major
M961,电子信息工程（卓越计划）,Major
M962,机械设计制造及其自动化（卓越计划）,Major
M963,无机非金属材料工程,Major
M964,生物工程（卓越计划）,Major
M965,经济与金融,Major
M966,数学类(数理实验班),Major
M967,戏剧影视文学,Major
M968,历史学(基地班),Major
M969,考古学,Major
M970,文化遗产,Major
M971,心理学(师范),Major
M972,德语(师范),Major
M973,小学教育(英语师范),Major
M974,小学教育(数学师范),Major
M975,小学教育(中文师范),Major
M976,小学教育(信息技术师范),Major
M977,小学教育(科学师范),Major
M978,小学教育(德育师范),Major
M979,历史学（师范）,Major
M980,思想政治教育（师范）,Major
M981,小学教育（师范）,Major
M982,教育技术学（师范）,Major
M983,数学与应用数学（师范）,Major
M984,物理学（师范）,Major
M985,英语（师范）,Major
M986,化学（师范）,Major
M987,生物科学（师范）,Major
M988,海洋技术,Major
M989,机械电子工程,Major
M990,集成电路设计与集成系统,Major
M991,自动化 ,Major
M992,建筑电气与智能化,Major
M993,软件工程（嵌入式培养）,Major
M994,物联网工程,Major
M995,非织造材料与工程,Major
M996,轻化工程,Major
M997,临床医学 ,Major
M998,口腔医学 ,Major
M999,康复治疗学,Major
M1000,生物信息学,Major
M1001,交通运输,Major
M1002,交通设备与控制工程,Major
M1003,地理科学（师范）,Major
M1004,药物制剂,Major
M1005,英语（教育）,Major
M1006,语言学,Major
M1007,国际经济与贸易（日语）,Major
M1008,德语（经济学）,Major
M1009,瑞典语,Major
M1010,荷兰语,Major
M1011,新闻学（国际新闻）,Major
M1012,意大利语,Major
M1013,西班牙语（企业管理）,Major
M1014,工科试验班,Major
M1015,数学,Major
M1016,经济,Major
M1017,新闻,Major
M1018,工商管理[中法创新实验班],Major
M1019,生态学类,Major
M1020,心理学类,Major
M1021,工商管理(中法创新实验班),Major
M1022,生态学(类),Major
M1023,教育学类,Major
M1024,政治学类,Major
M1025,公共事业管理(教育管理),Major
M1026,学前教育类,Major
M1027,特殊教育,Major
M1028,教育康复学,Major
M1029,特殊教育(心理),Major
M1030,理学工学类,Major
M1031,电子信息工程（卓越工程师班）,Major
M1032,经济管理类,Major
M1033,人文社科类,Major
M1034,智能科学与技术,Major
M1035,智能制造工程,Major
M1036,通信工程（卓越工程师班）,Major
M1037,电影制作,Major
M1038,金融学类（含:金融学）,Major
M1039,管理科学与工程类（含信息管理与信息系统）,Major
M1040,经济与贸易类（含国际经济与贸易）,Major
M1041,工商管理类（含:工商管理）,Major
M1042,金融学类（中外合作办学）,Major
M1043,经济学类（代表经济管理类）,Major
M1044,经济与贸易类（中外合作办学）,Major
M1045,电气类（代表理学工学类）,Major
M1046,工商管理类（中外合作办学）,Major
M1047,管理科学与工程类（中外合作办学）,Major
M1048,社会学类（代表人文社科类）,Major
M1049,理科试验班（钱伟长学院（国家试点学院））,Major
M1050,材料类（中外合作办学）（材料科学与工程专业）,Major
M1051,电子信息类（中外合作办学）,Major
M1052,机械类（中外合作办学）,Major
M1053,电影制作（延长校区）,Major
M1054,金融学类（中外合作办学））,Major
M1055,英语（宝山校区）,Major
M1056,日语（宝山校区）,Major
M1057,社会学类（人文社科类）,Major
M1058,经济学类（经济管理类）,Major
M1059,电气类（理学工学类）,Major
M1060,金融学类（金融学）,Major
M1061,电子信息类（信息工程）,Major
M1062,工商管理类（工商管理）,Major
M1063,管理科学与工程类（信息管理与信息系统）,Major
M1064,机械类（机械工程）,Major
M1065,材料类（材料科学与工程）,Major
M1066,金融学类（中外合作办学,Major
M1067,工商管理类（中外合作办学）（工商管理）,Major
M1068,机械类（中外合作办学）（机械工程）,Major
M1069,材料类（中外合作办学）（材料科学与工程）,Major
M1070,英语（外语要求不低于115分）,Major
M1071,日语（外语要求不低于110分）,Major
M1072,经济与贸易类（国际经济与贸易）,Major
M1073,工商管理类）,Major
M1074,机械类）,Major
M1075,金融学（中外合作办学类）,Major
M1076,经济学类理类）,Major
M1077,经济与贸易类（中外合作办学））,Major
M1078,管理科学与工程类（中外合作）,Major
M1079,纺织类,Major
M1080,能源与环境系统工程,Major
M1081,轻工类(中外合作办学)(轻化工程),Major
M1082,轻化工程(中外合作办学),Major
M1083,保险学,Major
M1084,财政学,Major
M1085,管理科学,Major
M1086,会计学（智能会计）,Major
M1087,会计学（注册会计师）,Major
M1088,贸易经济,Major
M1089,电子信息类  （自动化与电气工程类）,Major
M1090,管理科学与工程类  （大数据管理类）,Major
M1091,金融工程,Major
M1092,数学类（金融数学）,Major
M1093,应用统计学（风险和精算）,Major
M1094,保险学  (  保险与风险管理  ),Major
M1095,高分子材料与工程  (  高精尖项目  ),Major
M1096,工商管理  (  中小企业管理  ),Major
M1097,会计学  (  双培计划  ),Major
M1098,金融学  (  国际金融  ),Major
M1099,生物技术  (  高精尖项目  ),Major
M1100,食品科学与工程  (  高精尖项目  ),Major
M1101,保险学  (  保险精算  ),Major
M1102,会计学  (  外培计划  ),Major
M1103,金融学  (  金融经济  ),Major
M1104,食品科学与工程（外培计划）,Major
M1105,电子信息类（自动化与电气工程类）,Major
M1106,化学（轻化产品质量分析）,Major
M1107,机械类（智能装备）,Major
M1108,应用统计学（中外合作办学）,Major
M1109,生物技术（化妆品）,Major
M1110,化学  (  轻化产品质量分析  ),Major
M1111,生物技术  (  化妆品  ),Major
M1112,高分子材料与工程（先进材料）,Major
M1113,应用统计学（中外合作办学）  （风险和精算）,Major
M1114,金融学（双培计划）,Major
M1115,食品科学与工程  （中外合作办学）,Major
M1116,会计学（注会实验班）,Major
M1117,经济学类（财经类）,Major
M1118,机械类（机电工程类）,Major
M1119,食品科学与工程类  (  中外合作办学  ),Major
M1120,统计学类  (  中外合作办学  )  （风险和精算）,Major
M1121,经济学类（经贸类）,Major
M1122,计算机类（经济信息管理类）,Major
M1123,经济学类  (  财经类）,Major
M1124,机械类  （机电工程类）,Major
M1125,计算机类  （经济信息管理类）,Major
M1126,经济学类  (  经贸类  ),Major
M1127,金融学（金融科技）,Major
M1128,统计学类  (  中外合作办学  )(  风险和精算  ),Major
M1129,化学类（化妆品科学与技术类和光电信息类）,Major
M1130,计算机类  (  经济信息管理类  ),Major
M1131,经济学类  （经贸类）,Major
M1132,电子商务  (  互联网商务  ),Major
M1133,金融学  (  金融科技  ),Major
M1134,食品科学与工程  (  食品加工工艺  ),Major
M1135,计算机类  (  经济信息管理类）,Major
M1136,食品科学与工程类(中外合作办学),Major
M1137,化工与制药类(国际卓越工程师班),Major
M1138,生物工程（中外合作办学）,Major
M1139,高分子材料与工程（中外合作办学）,Major
M1140,电气工程及其自动化(电子信息工程)(中外合作办学),Major
M1141,化学工程与工艺(环境科学与工程)(中外合作办学),Major
M1142,化学工程与工艺(中外合作办学),Major
M1143,高分子材料与工程(中外合作办学专业),Major
M1144,电气工程及其自动化(电子信息工程)(中外合作办学专业),Major
M1145,化学工程与工艺(环境科学与工程)(中外合作办学专业),Major
M1146,化学工程与工艺(中外合作办学专业),Major
M1147,会计学（含会计学、财务管理专业）,Major
M1148,电气工程及其自动化（电子信息工程)(中外合作办学）,Major
M1149,化学工程与工艺（环境科学与工程）(中外合作办学）,Major
M1150,化学工程与工艺(中外合作办学）,Major
M1151,资源循环科学与工程,Major
M1152,精细化工,Major
M1153,药学类,Major
M1154,应用化学（含化学、应用化学、材料化学专业）,Major
M1155,电气工程及其自动化（电子信息工程）（中外合作办学）,Major
M1156,化学工程与工艺（环境科学与工程）（中外合作办学）,Major
M1157,复合材料与工程,Major
M1158,油气储运工程,Major
M1159,化工与制药类(国际卓越工程师班）,Major
M1160,生物工程(中外合作办学),Major
M1161,高分子材料与工程(中外合作办学),Major
M1162,化学工程与工艺(德国吕贝克),Major
M1163,化学工程与工艺(德国克劳斯),Major
M1164,化工与制药类(含化学工程与工艺、油气储运工程、轻化工程专业),Major
M1165,生物工程类(含生物工程、生物科学、生物技术专业),Major
M1166,食品科学与工程类(含食品科学与工程、食品质量与安全专业),Major
M1167,化学类(含化学、应用化学专业),Major
M1168,药学类(含药学、药物制剂专业),Major
M1169,材料类(含无机非金属材料工程、高分子材料与工程、复合材料与工程、新能源材料与器件专业),Major
M1170,环境科学与工程类(含环境工程、安全工程专业),Major
M1171,机械类(含机械设计制造及其自动化、材料成型及控制工程、过程装备与控制工程专业),Major
M1172,电子信息类(含测控技术与仪器、电气工程及其自动化、信息工程、自动化专业),Major
M1173,计算机类(含计算机科学与技术、软件工程专业),Major
M1174,数学类(含数学与应用数学、信息与计算科学专业),Major
M1175,物理学类(含应用物理学、光电信息科学与工程专业),Major
M1176,经济学类(含经济学、金融学专业),Major
M1177,管理科学与工程类(含信息管理与信息系统、工程管理、物流管理专业),Major
M1178,工商管理类(含工商管理、市场营销、人力资源管理、会计学、财务管理专业),Major
M1179,公共管理类(含社会学、社会工作、公共事业管理、行政管理、劳动与社会保障专业),Major
M1180,外国语言文学类(含英语、德语、日语专业),Major
M1181,应用化学(含化学、应用化学、材料化学),Major
M1182,电气工程及其自动化(电子信息工程),Major
M1183,化学工程与工艺(环境科学与工程),Major
M1184,会计学(含会计学、财务管理),Major
M1185,新能源材料与器件,Major
M1186,安全工程（安全检测技术）,Major
M1187,工科试验班(建筑城规景观与设计类),Major
M1188,工科试验班(土木与环境类),Major
M1189,工科试验班(信息类),Major
M1190,工科试验班(智能化制造类),Major
M1191,工科试验班(智能交通与车辆类),Major
M1192,工科试验班(信息类)(汉),Major
M1193,工科试验班(智能交通与车辆类)(汉),Major
M1194,工科试验班(信息类)(少),Major
M1195,工科试验班(智能交通与车辆类)(少),Major
M1196,车辆工程(汽车),Major
M1197,机械类(中外合作办学),Major
M1198,临床医学(5+3一体化培养),Major
M1199,智能建造,Major
M1200,历史建筑保护工程,Major
M1201,微电子科学与工程,Major
M1202,飞行器制造工程,Major
M1203,工科试验班（地质与水利工程类）,Major
M1204,工科试验班（电气类）,Major
M1205,工科试验班（电子类）,Major
M1206,工科试验班（轨道交通）,Major
M1207,工科试验班（环境类）,Major
M1208,工科试验班（机械类）,Major
M1209,工科试验班（交通类）,Major
M1210,工科试验班（能源类）,Major
M1211,理科试验班（海洋类）,Major
M1212,理科试验班（化学类）,Major
M1213,理科试验班（数学类）,Major
M1214,理科试验班（物理类）,Major
M1215,社会科学试验班（管理类）,Major
M1216,社会科学试验班（经济类）,Major
M1217,临床医学（5+3一体化培养）,Major
M1218,临床医学（贯通培养）,Major
M1219,材料科学与工程（少）,Major
M1220,材料科学与工程（汉）,Major
M1221,工科试验班（机械类）（汉）,Major
M1222,生物科学类（少）,Major
M1223,医学院,Major
M1224,质量管理工程,Major
M1225,大数据管理与应用,Major
M1226,投资学,Major
M1227,房地产开发与管理,Major
M1228,税收学,Major
M1229,粮食工程,Major
M1230,工商管理(环境商务),Major
M1231,信用管理,Major
M1232,会计学（ACCA方向）,Major
M1233,机器人工程,Major
M1234,人工智能,Major
M1235,智能医学工程,Major
M1236,工科试验班（城市建设类）,Major
M1237,工科试验班（矿业与安全类）,Major
M1238,生物医学工程类（生物与药学）,Major
M1239,人文科学试验班（汉语言文学、历史学、哲学、法学）,Major
M1240,工程造价,Major
M1241,能源经济,Major
M1242,经济学类（经济学、国际经济与贸易）,Major
M1243,数学类（数学与应用数学、信息与计算科学、统计学、金融数学）,Major
M1244,市场营销（市场营销、物流管理、电子商务）,Major
M1245,物流工程,Major
M1246,环境科学与工程类（环境工程、环境生态工程）,Major
M1247,公共管理类（行政管理、城市管理）,Major
M1248,物理学类（应用物理学、物理学、电子信息科学与技术）,Major
M1249,能源动力类（新能源科学与工程、能源与动力工程、核工程与核技术）,Major
M1250,航空航天类（航空航天工程、工程力学）,Major
M1251,法学类（法学、知识产权）,Major
M1252,新闻传播学类（新闻学、广播电视学）,Major
M1253,电气类（中外合作办学）,Major
M1254,电气类(中外合作办学),Major
M1255,经济学(中外合作办学),Major
M1256,心理学(中外合作办学),Major
M1257,水产类,Major
M1258,动物生产类,Major
M1259,动物医学类,Major
M1260,植物科学与技术(中外合作办学),Major
M1261,自动化(中外合作办学),Major
M1262,软件工程(中外合作办学),Major
M1263,生物技术(中外合作办学),Major
M1264,自然保护与环境生态类,Major
M1265,电子信息工程(中外合作办学),Major
M1266,计算机科学与技术(中外合作办学),Major
M1267,动物科学(拔尖人才创新实验班),Major
M1268,教育学类(晏阳初实验班),Major
M1269,药学(全英文创新实验班),Major
M1270,食品质量与安全(中外合作办学),Major
M1271,汉语言文学（预科）,Major
M1272,心理学（预科）,Major
M1273,学前教育（预科）,Major
M1274,英语（预科）,Major
M1275,历史学（预科）,Major
M1276,思想政治教育（预科）,Major
M1277,特殊教育（预科）,Major
M1278,物理学（预科）,Major
M1279,生物科学（预科）,Major
M1280,食品科学与工程类（预科）,Major
M1281,数学与应用数学（预科）,Major
M1282,植物生产类（预科）,Major
M1283,自然保护与环境生态类（预科）,Major
M1284,化学（预科）,Major
M1285,计算机科学与技术（预科）,Major
M1286,地理科学（预科）,Major
M1287,风景园林（预科）,Major
M1288,心理学类(心理学),Major
M1289,经济学类(经济学),Major
M1290,水产养殖学,Major
M1291,水族科学与技术,Major
M1292,生物科学类(生物技术),Major
M1293,食品科学与工程类(食品质量与安全),Major
M1294,动物科学(大数据方向),Major
M1295,动物科学(食品科学方向),Major
M1296,动物药学,Major
M1297,动物医学(宠物医学方向),Major
M1298,动物医学(中兽医学方向),Major
M1299,自动化类(自动化),Major
M1300,电子信息类(电子信息工程),Major
M1301,计算机类(计算机科学与技术),Major
M1302,计算机类(软件工程),Major
M1303,蚕学,Major
M1304,教育学(晏阳初实验班),Major
M1305,经济学类(中外合作办学),Major
M1306,心理学类(中外合作办学),Major
M1307,自动化类(中外合作办学),Major
M1308,生物科学类(中外合作办学),Major
M1309,电子信息类(中外合作办学),Major
M1310,"计算机类(中外合作办学,计算机科学与技术)",Major
M1311,"计算机类(中外合作办学,软件工程)",Major
M1312,市场营销（国家专项计划）,Major
M1313,信息管理与信息系统（国家专项计划）,Major
M1314,地理科学（免费师范）,Major
M1315,汉语言文学（免费师范）,Major
M1316,思想政治教育（免费师范）,Major
M1317,特殊教育（免费师范）,Major
M1318,历史学（免费师范）,Major
M1319,心理学（免费师范）,Major
M1320,学前教育（免费师范）,Major
M1321,英语（免费师范）,Major
M1322,经济学专业（中外合作办学）,Major
M1323,心理学专业（中外合作办学）,Major
M1324,自动化专业（中外合作办学）,Major
M1325,软件工程专业（中外合作办学）,Major
M1326,生物技术专业（中外合作办学）,Major
M1327,食品质量与安全专业（中外合作办学）,Major
M1328,电子信息与工程专业（中外合作办学）,Major
M1329,计算机科学与技术专业（中外合作办学）,Major
M1330,生物科学（免费师范）,Major
M1331,数学与应用数学（免费师范）,Major
M1332,物理学（免费师范）,Major
M1333,化学（免费师范）,Major
M1334,计算机科学与技术（免费师范）,Major
M1335,水产养殖学（国家专项计划）,Major
M1336,水族科学与技术（国家专项计划）,Major
M1337,动物科学（国家专项计划）,Major
M1338,动物科学（食品科学方向，国家专项计划）,Major
M1339,动物药学（国家专项计划）,Major
M1340,动物医学（宠物医学方向，国家专项计划）,Major
M1341,动物医学（国家专项计划）,Major
M1342,公共事业管理（国家专项计划）,Major
M1343,计算机科学与技术（国家专项计划）,Major
M1344,农村区域发展,Major
M1345,动物科学（食品科学方向）,Major
M1346,动物医学（宠物医学方向）,Major
M1347,会计学（国防生）,Major
M1348,土木工程（国防生）,Major
M1349,公共关系,Major
M1350,教育学（晏阳初实验班）,Major
M1351,植物科学与技术,Major
M1352,包装工程,Major
M1353,茶学,Major
M1354,电子信息类（国家专项计划）,Major
M1355,风景园林（国家专项计划）,Major
M1356,经济学类（国家专项计划）,Major
M1357,农村区域发展（国家专项计划）,Major
M1358,食品科学与工程（国家专项计划）,Major
M1359,统计学（国家专项计划）,Major
M1360,土木类（国家专项计划）,Major
M1361,园艺（国家专项计划）,Major
M1362,自然保护与环境生态类（国家专项计划）,Major
M1363,工商管理类（国家专项计划）,Major
M1364,园林（国家专项计划）,Major
M1365,电气工程及其自动化（国家专项计划）,Major
M1366,纺织类（国家专项计划）,Major
M1367,环境科学与工程类（国家专项计划）,Major
M1368,机械类（国家专项计划）,Major
M1369,食品质量与安全（国家专项计划）,Major
M1370,英语（国家专项计划）,Major
M1371,法学（南疆计划）,Major
M1372,历史学类（南疆计划）,Major
M1373,社会工作（南疆计划）,Major
M1374,材料化学（稀土材料）,Major
M1375,道路桥梁与渡河工程,Major
M1376,汽车服务工程,Major
M1377,土木工程（公路与桥梁）,Major
M1378,环境生态工程,Major
M1379,"数理基础科学（数理基地,数学）",Major
M1380,数理基础科学（数理基地，物理学）,Major
M1381,化学（基地）,Major
M1382,大气科学,Major
M1383,生物科学（基地）,Major
M1384,生物科学（动物学）,Major
M1385,生物技术（基地）,Major
M1386,信息管理与信息系统(计算机信息网络),Major
M1387,哲学（文史哲基地）,Major
M1388,汉语言文学（文史哲基地）,Major
M1389,历史学（文史哲基地）,Major
M1390,法学（蒙授）,Major
M1391,社会工作（蒙授）,Major
M1392,新闻学（蒙授）,Major
M1393,编辑出版学,Major
M1394,蒙古语言文学（文理综合班）,Major
M1395,民族学,Major
M1396,蒙古语言文学（基地）,Major
M1397,蒙古语言文学（基里尔蒙古文）,Major
M1398,日语（蒙授）,Major
M1399,编辑出版学（蒙授）,Major
M1400,历史学（蒙授）,Major
M1401,旅游管理（蒙授）,Major
M1402,电子信息类（创新实验班）,Major
M1403,机械设计制造及其自动化（创新实验班）,Major
M1404,车辆工程（英语强化）,Major
M1405,船舶与海洋工程,Major
M1406,电子科学与技术【电子科学与技术、集成电路设计与集成系统】,Major
M1407,工程力学（钱令希力学创新实验班）,Major
M1408,光电信息科学与工程【光电信息科学与工程、测控技术与仪器】,Major
M1409,过程装备与控制工程【过程装备与控制工程、安全工程】,Major
M1410,机械设计制造及其自动化（日语强化）,Major
M1411,机械设计制造及其自动化（中外合作办学）（大连理工大学美国加州大学欧文分校联合项目）,Major
M1412,软件工程【软件工程、网络工程】,Major
M1413,应用化学（理学）,Major
M1414,应用化学（张大煜化学菁英班）（理学）,Major
M1415,工程力学【工程力学、飞行器设计与工程】,Major
M1416,化工与制药类（创新实验班）,Major
M1417,金属材料工程（日语强化）,Major
M1418,应用物理学（王大珩物理科学班）,Major
M1419,英语【英语、翻译】,Major
M1420,电子信息工程【电子信息工程、电子信息工程（英语强化）】,Major
M1421,机械设计制造及其自动化【机械设计制造及其自动化、机械设计制造及其自动化（国际班）】,Major
M1422,土木工程【土木工程、土木工程（国际班）】,Major
M1423,电子信息工程（含英语强化班）,Major
M1424,电子信息类（电气信息类创新实验班）,Major
M1425,机械类（机械类创新实验班）,Major
M1426,土木工程（含国际班）,Major
M1427,飞行器设计与工程,Major
M1428,过程装备与控制工程（含安全工程专业）,Major
M1429,化学工程与工艺（含国际班）,Major
M1430,软件工程（含网络工程专业）,Major
M1431,应用化学（张大煜化学菁英班）,Major
M1432,化工与制药类（化工环境生命类创新实验班）,Major
M1433,计算机科学与技术（日语强化）,Major
M1434,英语（含翻译专业）,Major
M1435,生物制药,Major
M1436,特殊教育(师范),Major
M1437,旅游管理(中外合作办学),Major
M1438,小学教育,Major
M1439,旅游管理（中法联合培养）,Major
M1440,风景园林（学制5年）,Major
M1441,机械设计制造及自动化,Major
M1442,工商管理类（工商管理、市场营销、人力资源管理）,Major
M1443,化学类（化学、应用化学）,Major
M1444,物理学类（物理学、应用物理学）,Major
M1445,金融学类（金融学、保险学）,Major
M1446,经济学类（经济学、经济统计学、国民经济管理）,Major
M1447,电子信息类（通信工程、电子信息科学与技术）,Major
M1448,国际商务（中外合作办学）,Major
M1449,朝鲜语,Major
M1450,计算机类（计算机科学与技术、数据科学与大数据技术）,Major
M1451,工商管理（中外合作办学）,Major
M1452,市场营销（中外合作办学）,Major
M1453,汉语言文学（定向）,Major
M1454,工商管理类(中外合作办学)（会计学）（亚澳商学院）,Major
M1455,工商管理类(中外合作办学)（国际商务）（亚澳商学院）,Major
M1456,金融学类(中外合作办学)（金融学）（亚澳商学院）,Major
M1457,数学类(数学与应用数学、信息与计算科学),Major
M1458,生物科学类（生物科学、生物技术）,Major
M1459,电子信息类(通信工程、电子信息科学与技术),Major
M1460,工商管理类(中外合作办学)（会计学）（新华国际商学院）,Major
M1461,计算机类（计算机科学与技术、软件工程、数据科学与大数据技术）,Major
M1462,工商管理类(中外合作办学)（工商管理）（新华国际商学院）,Major
M1463,工商管理类(中外合作办学)（市场营销）(新华国际商学院）,Major
M1464,工商管理类(中外合作办学)(会计学)(亚澳),Major
M1465,工商管理类(中外合作办学)(国际商务)(亚澳),Major
M1466,金融学类(中外合作办学)(金融学)(亚澳),Major
M1467,工商管理类(工商管理、人力资源管理、市场营销),Major
M1468,制药工程 ,Major
M1469,化学类(化学、应用化学) ,Major
M1470,数学类(数学与应用数学、信息与计算科学) ,Major
M1471,材料化学 ,Major
M1472,物理学类(物理学、应用物理学),Major
M1473,生物科学类(生物科学、生物技术),Major
M1474,金融学类(金融学、保险学),Major
M1475,经济学类(经济学、经济统计学、国民经济管理),Major
M1476,环境工程 ,Major
M1477,计算机类(计算机科学与技术、软件工程),Major
M1478,英语 ,Major
M1479,工商管理类(中外合作办学)(会计学)(新华),Major
M1480,工商管理类(中外合作办学)(工商管理)(新华),Major
M1481,工商管理类(中外合作办学)(市场营销)(新华),Major
M1482,汉语言文学 ,Major
M1483,法学 ,Major
M1484,编辑出版学 ,Major
M1485,生物科学类(生物科学、生物技术)(南疆单列计划),Major
M1486,行政管理 ,Major
M1487,金融学类(金融学、保险学) ,Major
M1488,信息管理与信息系统 ,Major
M1489,物理学类(物理学、应用物理学) ,Major
M1490,食品科学与工程 ,Major
M1491,国民经济管理,Major
M1492,生物科学类(生物科学、生物技术) ,Major
M1493,计算机类(计算机科学与技术、软件工程) ,Major
M1494,测控技术与仪器 ,Major
M1495,电气工程及其自动化 ,Major
M1496,会计学 ,Major
M1497,化学类(化学、应用化学、材料化学),Major
M1498,工商管理类(中外合作办学)(会计学(国际会计方向))(亚澳),Major
M1499,表演,Major
M1500,摄影,Major
M1501,艺术设计学,Major
M1502,电子科学与技术(国防生),Major
M1503,电子信息科学与技术(国防生),Major
M1504,通信工程(国防生),Major
M1505,海事管理,Major
M1506,交通管理,Major
M1507,救助与打捞工程,Major
M1508,轮机工程（陆上专业）,Major
M1509,机械类（机械设计制造及其自动化、农业机械化及其自动化）,Major
M1510,经济学类（国际经济与贸易、经济学）,Major
M1511,药学类（药学、药物制剂）,Major
M1512,麻醉学,Major
M1513,数学类（数学与应用数学、统计学）,Major
M1514,政治学类（国际政治、思想政治教育）,Major
M1515,中医学,Major
M1516,中国少数民族语言文学（朝鲜语言文学）,Major
M1517,日语（零起点）,Major
M1518,地理科学类（地理科学、地理信息科学）,Major
M1519,英语(零起点),Major
M1520,中国语言文学类（汉语国际教育、汉语言）,Major
M1521,电子信息类（电子信息工程、通信工程、计算机科学与技术、数字媒体技术）,Major
M1522,工商管理类（工商管理、会计学、市场营销、旅游管理、信息管理与信息系统）,Major
M1523,电子信息类（电子信息工程、通信工程）,Major
M1524,工商管理类（工商管理、会计学、市场营销）,Major
M1525,日语(零起点),Major
M1526,工商管理类（工商管理、会计学、市场营销统）,Major
M1527,英语（商务英语）,Major
M1528,日语（经贸日语）（零起点）,Major
M1529,俄语（俄语翻译）,Major
M1530,电子信息类（电子信息类、通信工程、计算机科学与技术、数字媒体技术）,Major
M1531,地理科学类（地理科学、地理信息系统）,Major
M1532,经济学（中外合作办学）,Major
M1533,通信工程（中外合作办学）,Major
M1534,食品科学与工程（中外合作办学）,Major
M1535,日语（经贸日语）,Major
M1536,临床医学（学制5年）,Major
M1537,中国少数民族语言文学（朝鲜语言文学）（中韩翻译）,Major
M1538,英语（零起点）,Major
M1539,英语（商务英语),Major
M1540,植物生产类（农学、园艺）,Major
M1541,中国语言文学类（汉语国际教育、汉语言、汉语言文学）,Major
M1542,信息管理学与信息系统,Major
M1543,英语(商务英语),Major
M1544,动物生产类（动物科学、动物医学）,Major
M1545,教育学类（教育技术学、学前教育、小学教育）,Major
M1546,电子信息类（电子信息工程、通信工程、计算机科学与工程、数字媒体技术）,Major
M1547,工业工程类,Major
M1548,应用气象学,Major
M1549,生物科学（本硕博班）,Major
M1550,化学生物学,Major
M1551,农林经济管理（本硕博班）,Major
M1552,农业电气化,Major
M1553,动物医学（本硕博班）,Major
M1554,草业科学,Major
M1555,食品科学与工程（本硕博班）,Major
M1556,环境设计,Major
M1557,动物科学（本硕博班）,Major
M1558,农业资源与环境（本硕博班）,Major
M1559,园艺（本硕博班）,Major
M1560,农业机械化及其自动化（本硕博班）,Major
M1561,农学（本硕博班）,Major
M1562,音乐表演(器乐)二胡,Major
M1563,音乐表演(器乐)竹笛,Major
M1564,音乐表演(器乐)钢琴,Major
M1565,音乐表演(器乐)打击乐,Major
M1566,音乐表演(器乐)中阮,Major
M1567,音乐表演(器乐)低音提琴,Major
M1568,音乐表演(器乐)大提琴,Major
M1569,音乐表演(器乐)笙,Major
M1570,音乐表演(声乐),Major
M1571,音乐表演(器乐)扬琴,Major
M1572,音乐表演(器乐)琵琶,Major
M1573,音乐表演(器乐)古筝,Major
M1574,国际经济与贸易（五年）,Major
M1575,金融学（五年）,Major
M1576,工商管理（五年）,Major
M1577,工商管理（中美121）,Major
M1578,生物科学（中美121）,Major
M1579,生物科学（理科实验班）,Major
M1580,音乐表演（声乐),Major
M1581,音乐表演（器乐）钢琴,Major
M1582,音乐表演（器乐）唢呐,Major
M1583,音乐表演（器乐）打击乐,Major
M1584,音乐表演（器乐）琵琶,Major
M1585,音乐表演（器乐）二胡,Major
M1586,音乐表演（器乐）扬琴,Major
M1587,音乐表演（器乐）笛子,Major
M1588,音乐表演（声乐）,Major
M1589,音乐表演（器乐）,Major
M1590,音乐表演（器乐）中阮,Major
M1591,工商管理类（管理学Ⅱ）,Major
M1592,金融学类（经济学）,Major
M1593,法学类（法学）,Major
M1594,统计学类（理学）,Major
M1595,工业工程类（管理学Ⅰ）,Major
M1596,机械类（工学Ⅰ）,Major
M1597,水利类（工学Ⅴ）,Major
M1598,电气类（工学Ⅲ）,Major
M1599,植物生产类（Ⅱ）,Major
M1600,生物工程类（工学Ⅳ）,Major
M1601,植物生产类（Ⅰ）,Major
M1602,能源动力类（工学Ⅱ）,Major
M1603,自然保护与环境生态类（农学）,Major
M1604,机械类(机电),Major
M1605,木材科学与工程,Major
M1606,机械类(车辆),Major
M1607,林业工程类(成栋班),Major
M1608,林学类(成栋实验班),Major
M1609,林产化工,Major
M1610,森林工程,Major
M1611,工程管理(中外合作办学),Major
M1612,化学(中外合作办学),Major
M1613,理科试验班类(化学与生命科学类),Major
M1614,理科试验班类(地球科学与资源环境类),Major
M1615,理科试验班(数理科学类),Major
M1616,理科试验班类(匡亚明学院大理科班),Major
M1617,人文科学试验班(人文艺术传播类),Major
M1618,临床医学(本博连读),Major
M1619,临床医学(5+3一体化),Major
M1620,临床医学(本硕连读),Major
M1621,酿酒工程,Major
M1622,工商管理(中外合作办学),Major
M1623,工商管理类（汉）,Major
M1624,工商管理类（少）,Major
M1625,飞行器环境与生命保障工程,Major
M1626,飞行器动力工程,Major
M1627,探测制导与控制技术,Major
M1628,电子信息类（电子、电子（微毫米波）、信息工程）,Major
M1629,飞行器制造工程（航空维修工程与技术）,Major
M1630,核工程类（核工程与核技术、辐射防护与核安全）,Major
M1631,交通运输（空中交通管制与签派）,Major
M1632,交通运输（民航机务工程）,Major
M1633,交通运输（民航电子电气工程）,Major
M1634,管理科学与工程类（信息管理与信息系统、工业工程、电子商务）,Major
M1635,经济与贸易类（国际经济与贸易、金融学）,Major
M1636,工商管理类（会计学、工商管理、市场营销）,Major
M1637,英语（民航业务、国际贸易）,Major
M1638,飞行器设计与工程（航天）,Major
M1639,信息工程（航天信息应用）,Major
M1640,探测制导与控制技术（航天）,Major
M1641,空间科学与技术,Major
M1642,飞行技术,Major
M1643,空间信息与数字技术,Major
M1644,飞行器控制与信息工程,Major
M1645,航空航天工程,Major
M1646,交通运输（民航运输管理）,Major
M1647,交通运输（机场运行与管理）,Major
M1648,管理科学与工程类（信息管理与信息系统、工业工程）,Major
M1649,工商管理类（会计学、工商管理）,Major
M1650,飞行器适航技术,Major
M1651,英语（商务）,Major
M1652,智能电网信息工程,Major
M1653,国际经济与贸易（国际金融与投资）,Major
M1654,土木工程(城市地下空间),Major
M1655,英语（国际贸易）,Major
M1656,英语(商务),Major
M1657,粉体材料科学与工程,Major
M1658,土木工程（城市地下空间）,Major
M1659,光电信息科学与工程（少）,Major
M1660,制药工程（少）,Major
M1661,电子科学与应用,Major
M1662,集成电路设计,Major
M1663,地下水信息工程,Major
M1664,印度尼西亚语,Major
M1665,材料成型及控制工程（中白联合培养）,Major
M1666,交通设备与控制工程（中白联合培养）,Major
M1667,机械工程（中白联合培养）,Major
M1668,海洋科学类,Major
M1669,会计学（含会计学、财务管理）,Major
M1670,化学工程与工艺（含化学工程与工艺、生物工程）,Major
M1671,软件工程（含软件工程、数字媒体技术）,Major
M1672,新能源科学与工程,Major
M1673,公共卫生与预防医学类,Major
M1674,会计学（厦门大学与爱尔兰都柏林商学院合作举办）,Major
M1675,金融学（厦门大学与爱尔兰都柏林商学院合作举办）,Major
M1676,广告学（厦门大学马来西亚分校）,Major
M1677,国际商务（厦门大学马来西亚分校）,Major
M1678,汉语言文学（厦门大学马来西亚分校）,Major
M1679,会计学（厦门大学马来西亚分校）,Major
M1680,金融学（厦门大学马来西亚分校）,Major
M1681,新闻学（厦门大学马来西亚分校）,Major
M1682,电子信息工程（厦门大学马来西亚分校）,Major
M1683,海洋技术（厦门大学马来西亚分校）,Major
M1684,海洋科学（厦门大学马来西亚分校）,Major
M1685,化学工程与工艺（厦门大学马来西亚分校）,Major
M1686,计算机科学与技术（厦门大学马来西亚分校）,Major
M1687,软件工程（厦门大学马来西亚分校）,Major
M1688,数学与应用数学（厦门大学马来西亚分校）,Major
M1689,数字媒体技术（厦门大学马来西亚分校）,Major
M1690,新能源科学与工程（厦门大学马来西亚分校）,Major
M1691,中医学（厦门大学马来西亚分校）,Major
M1692,工商管理类（厦门大学与爱尔兰都柏林商学院合作举办）,Major
M1693,金融学类（厦门大学与爱尔兰都柏林商学院合作举办）,Major
M1694,港口航道与海岸工程,Major
M1695,资源勘查工程（地矿）,Major
M1696,矿物加工工程（地矿）,Major
M1697,采矿工程（地矿）,Major
M1698,化学工程与工艺（面向泉州）,Major
M1699,过程装备与控制工程（面向泉州）,Major
M1700,油气储运工程（面向泉州）,Major
M1701,电气工程及其自动化（闽台合作）,Major
M1702,电子信息工程（闽台合作）,Major
M1703,物流管理（闽台合作）,Major
M1704,水利水电工程（闽台合作）,Major
M1705,机械设计制造及其自动化（闽台合作）,Major
M1706,生物技术（闽台合作）,Major
M1707,自动化（中外合作办学 中爱）,Major
M1708,数字媒体技术（中外合作办学 中爱）,Major
M1709,土木工程（中外合作办学 中加）,Major
M1710,电子信息工程（中外合作办学 中爱）,Major
M1711,软件工程（中外合作办学 中爱）,Major
M1712,文史,Major
M1713,矿物加工工程（提前批）,Major
M1714,资源勘查工程（提前批）,Major
M1715,采矿工程（提前批）,Major
M1716,土木工程（中外合作办学）,Major
M1717,资源勘查工程（地矿专业）,Major
M1718,矿物加工工程（地矿专业）,Major
M1719,采矿工程（地矿专业）,Major
M1720,物化生组,Major
M1721,电子信息工程（中外合作办学）,Major
M1722,软件工程（中外合作办学）,Major
M1723,数字媒体技术（中外合作办学）,Major
M1724,自动化（中外合作办学）,Major
M1725,自动化（定向）,Major
M1726,车辆工程（定向）,Major
M1727,微电子科学与工程（定向）,Major
M1728,社会学（定向）,Major
M1729,计算机类（汉）,Major
M1730,机械设计制造及其自动化（汉）,Major
M1731,电子信息类（汉）,Major
M1732,自动化（汉）,Major
M1733,机械设计制造及其自动化（藏）,Major
M1734,电子信息类（藏）,Major
M1735,地质工程（藏）,Major
M1736,计算机类（藏）,Major
M1737,交通运输类（汉）,Major
M1738,自动化（藏）,Major
M1739,食品科学与工程（汉）,Major
M1740,地质工程（汉）,Major
M1741,人文地理与城乡规划（汉）,Major
M1742,交通运输类（藏）,Major
M1743,人文地理与城乡规划（藏）,Major
M1744,食品科学与工程（藏）,Major
M1745,会计学（汉）,Major
M1746,会计学（藏）,Major
M1747,汉文学（藏）,Major
M1748,汉文学（汉）,Major
M1749,公共管理类（藏）,Major
M1750,建筑电气与智能化（定向）,Major
M1751,计算机类（定向）,Major
M1752,信息管理与信息系统（定向）,Major
M1753,水利水电工程（定向）,Major
M1754,光电信息科学与工程（定向）,Major
M1755,物流管理（定向）,Major
M1756,机械设计制造及其自动化（单列四年）,Major
M1757,计算机类（单列四年）,Major
M1758,建筑电气与智能化（单列四年）,Major
M1759,物联网工程（单列四年）,Major
M1760,信息安全（单列四年）,Major
M1761,计算机类（单列类）,Major
M1762,物联网工程（单列类）,Major
M1763,光电信息科学与工程（普通类）,Major
M1764,物联网工程（普通类）,Major
M1765,建筑电气与智能化（普通类）,Major
M1766,机械设计制造及其自动化（普通类）,Major
M1767,财政学（单列类）,Major
M1768,国际经济与贸易（单列类）,Major
M1769,市场营销（单列类）,Major
M1770,土木工程(中外合作),Major
M1771,过程装备与控制工程(面向泉州),Major
M1772,化学工程与工艺(面向泉州),Major
M1773,油气储运工程(面向泉州),Major
M1774,电气工程及其自动化(闽台合作),Major
M1775,电子信息工程(闽台合作),Major
M1776,水利水电工程(闽台合作),Major
M1777,物流管理(闽台合作),Major
M1778,机械设计制造及其自动化(闽台合作),Major
M1779,生物技术(闽台合作),Major
M1780,资源勘查工程(地矿专业),Major
M1781,采矿工程(地矿专业),Major
M1782,矿物加工工程(地矿专业),Major
M1783,资源勘查工程(提前批),Major
M1784,采矿工程(提前批),Major
M1785,矿物加工工程(提前批),Major
M1786,自动化(定向),Major
M1787,高分子材料与工程(定向),Major
M1788,港口航道与海岸工程(定向),Major
M1789,社会学(定向),Major
M1790,计算机类(汉),Major
M1791,电子信息类(汉),Major
M1792,机械设计制造及其自动化(汉),Major
M1793,自动化(汉),Major
M1794,食品科学与工程(汉),Major
M1795,计算机类(藏),Major
M1796,电子信息类(藏),Major
M1797,交通运输类(藏),Major
M1798,材料科学与工程(藏),Major
M1799,地质工程(藏),Major
M1800,汉语言文学(汉),Major
M1801,公共管理类(汉),Major
M1802,会计学(藏),Major
M1803,汉语言文学(藏),Major
M1804,公共管理类(藏),Major
M1805,计算机类(定向),Major
M1806,信息管理与信息系统(定向),Major
M1807,安全工程(定向),Major
M1808,建筑电气与智能化(定向),Major
M1809,资源勘查工程(定向),Major
M1810,地质工程(定向),Major
M1811,物流管理(定向),Major
M1812,建筑电气与智能化(汉),Major
M1813,车辆工程(汉),Major
M1814,物联网工程(汉),Major
M1815,材料成型及控制工程(汉),Major
M1816,计算机类(民),Major
M1817,信息安全(民),Major
M1818,城乡规划(民),Major
M1819,建筑电气与智能化(民),Major
M1820,车辆工程(民),Major
M1821,材料成型及控制工程(民),Major
M1822,物联网工程(民),Major
M1823,英语(汉),Major
M1824,英语(民),Major
M1825,国际经济与贸易(民),Major
M1826,土木工程（中外合作）,Major
M1827,历史组,Major
M1828,港口航道与海岸工程（定向）,Major
M1829,计算机类（民）,Major
M1830,食品科学与工程（民）,Major
M1831,交通运输类（民）,Major
M1832,地质工程（民）,Major
M1833,会计学（民）,Major
M1834,公共管理类（汉）,Major
M1835,公共管理类（民）,Major
M1836,汉语言文学（汉）,Major
M1837,汉语言文学（民）,Major
M1838,高分子材料与工程（定向）,Major
M1839,地质工程（定向）,Major
M1840,安全工程（定向）,Major
M1841,水利水电工程（民）,Major
M1842,微电子科学与工程（民）,Major
M1843,自动化（民）,Major
M1844,生物医学工程（民）,Major
M1845,物流管理（民）,Major
M1846,英语（民）,Major
M1847,城乡规划（汉）,Major
M1848,城乡规划（民）,Major
M1849,车辆工程（民）,Major
M1850,信息安全（民）,Major
M1851,物联网工程（民）,Major
M1852,物联网工程（汉）,Major
M1853,材料成型及控制工程（汉）,Major
M1854,材料成型及控制工程（民）,Major
M1855,建筑电气与智能化（民）,Major
M1856,财政学（民）,Major
M1857,英语（汉）,Major
M1858,计算机类(计算机科学与技术、网络工程、数据科学与大数据技术),Major
M1859,电子信息类(电子信息工程、通信工程),Major
M1860,材料类(材料科学与工程、高分子材料与工程、材料物理、新能源材料与器件),Major
M1861,环境科学与工程,Major
M1862,土木类(土木工程、建筑环境与能源应用工程、给排水科学与工程),Major
M1863,基础医学,Major
M1864,生物科学类(生物科学、生物技术、生态学),Major
M1865,国际商务,Major
M1866,食品科学与工程类(食品科学与工程、食品质量与安全),Major
M1867,工商管理类(工商管理、会计学),Major
M1868,中国语言文学类(汉语言文学、汉语国际教育),Major
M1869,法学类(法学、知识产权),Major
M1870,工商管理(中法实验班),Major
M1871,会展经济与管理,Major
M1872,眼视光学,Major
M1873,英语(英日),Major
M1874,眼视光医学,Major
M1875,儿科学,Major
M1876,会计学(国际会计师),Major
M1877,口腔医学(五年),Major
M1878,麻醉学(五年),Major
M1879,材料类(材料科学与工程、高分子材料与工程、材料物理、新能源材料与,Major
M1880,医学影像学(五年),Major
M1881,儿科学(五年),Major
M1882,眼视光医学(五年),Major
M1883,建筑学(五年),Major
M1884,基础医学(五年),Major
M1885,城乡规划(五年),Major
M1886,预防医学(五年),Major
M1887,材料类（材料科学与工程、高分子材料与工程、材料物理、新能源材料与器件）,Major
M1888,工商管理（中法实验班）,Major
M1889,工商管理类（工商管理、会计学）,Major
M1890,会计学（国际会计师）,Major
M1891,机械类（机械设计制造及其自动化、车辆工程）,Major
M1892,计算机类（计算机科学与技术、网络工程、数据科学与大数据技术）,Major
M1893,临床医学类（中外合作办学）,Major
M1894,食品科学与工程类（食品科学与工程、食品质量与安全）,Major
M1895,土木类（土木工程、建筑环境与能源应用工程、给排水科学与工程）,Major
M1896,英语（英日）,Major
M1897,中国语言文学类（汉语言文学、汉语国际教育）,Major
M1898,工商管理类（工商管理、会计学）(少数民族）,Major
M1899,工商管理类（工商管理、会计学）（汉族）,Major
M1900,旅游管理（少数民族）,Major
M1901,旅游管理（汉族）,Major
M1902,计算机类（计算机科学与技术、网络工程）,Major
M1903,卫生检验与检疫,Major
M1904,旅游管理类,Major
M1905,金融学(含国际化班),Major
M1906,轨道交通信号与控制,Major
M1907,人文科学试验班（国学方向）,Major
M1908,人文科学试验班(弘毅学堂),Major
M1909,哲学类,Major
M1910,社会科学试验班(信息管理类),Major
M1911,工科试验班(动力与机械类),Major
M1912,工科试验班(弘毅学堂),Major
M1913,计算机类(国家网络安全学院),Major
M1914,计算机类(计算机学院),Major
M1915,口腔医学(五加三一体化),Major
M1916,理科试验班(弘毅学堂),Major
M1917,理科试验班(资源与环境类),Major
M1918,临床医学(八年制),Major
M1919,金融学类(弘毅学堂数理经济与数理金融试验班),Major
M1920,临床医学(五加三一体化),Major
M1921,轻工类,Major
M1922,计算机类（计算机）,Major
M1923,计算机类（网安）,Major
M1924,金融学类(数理经济与数理金融试验班),Major
M1925,口腔医学(五年制),Major
M1926,英语(英语类),Major
M1927,临床医学(八年),Major
M1928,轻工类(含印刷工程、包装工程),Major
M1929,软件工程(软件工程类),Major
M1930,遥感科学与技术(遥感科学与技术类),Major
M1931,计算机科学与技术(网络空间安全),Major
M1932,口腔医学(5+3),Major
M1933,理科试验班类(弘毅学堂),Major
M1934,临床医学(5+3),Major
M1935,电气工程及其自动化（电气卓越计划实验班）,Major
M1936,电子信息工程（电信卓越计划实验班）,Major
M1937,法医学,Major
M1938,公共事业管理（卫生事业管理）,Major
M1939,光电信息科学与工程（“王大珩”光电创新实验班）,Major
M1940,计算机科学与技术（计算机卓越计划实验班）,Major
M1941,临床医学（八年）,Major
M1942,临床医学（六年、临床医学专业中德实验班）,Major
M1943,临床医学（五年）,Major
M1944,生物科学（贝时璋菁英班）,Major
M1945,生物医学工程（工程科学学院）,Major
M1946,物理学（严济慈物理学英才班）,Major
M1947,信息管理与信息系统（医学信息）,Major
M1948,医学实验技术（医学科学实验班）,Major
M1949,船舶与海洋工程（船舶与海洋卓越计划实验班）,Major
M1950,给排水科学与工程（给排水卓越计划实验班）,Major
M1951,海洋工程类,Major
M1952,中西医临床医学,Major
M1953,电子封装技术,Major
M1954,电子信息工程（信息类数理提高班）,Major
M1955,化学（基础学科拔尖人才培养实验班）,Major
M1956,集成电路设计与集成系统（集成电路卓越计划实验班）,Major
M1957,生物医学工程（生医卓越计划实验班）,Major
M1958,物流管理（物流系统工程）,Major
M1959,自动化（理科交叉创新实验班）,Major
M1960,光电信息科学与工程（光电卓越计划实验班）,Major
M1961,经济学（创新实验班）,Major
M1962,生物技术（基础学科生物科学与技术实验班）,Major
M1963,药学（生物药学基地班）,Major
M1964,自动化（卓越计划实验班）,Major
M1965,机械设计制造及其自动化（机械卓越计划实验班）,Major
M1966,物理学（基础学科拔尖人才培养实验班）,Major
M1967,材料成型及控制工程（材料卓越计划实验班）,Major
M1968,能源与动力工程（能源卓越计划实验班）,Major
M1969,土木工程（卓越计划实验班）,Major
M1970,物流管理（管理学创新实验班）,Major
M1971,药学（创新实验班）,Major
M1972,电子信息类（电信学院）,Major
M1973,电子信息类（光电学院）,Major
M1974,光电信息科学与工程（王大珩光电创新实验班）,Major
M1975,临床医学（六年制中德实验班）,Major
M1976,传播学（网络传播）,Major
M1977,自动化（交叉创新实验班）,Major
M1978,生物技术（基础学科生物科技实验班）,Major
M1979,国际商务（外语二学位）,Major
M1980,计算机类（网安学院）,Major
M1981,计算机类（计算机学院）,Major
M1982,建筑类（五年制）,Major
M1983,临床医学（本硕博贯通培养）,Major
M1984,临床医学（五年制）,Major
M1985,口腔医学（五年制）,Major
M1986,儿科学（五年制）,Major
M1987,预防医学（五年制）,Major
M1988,医学影像学（五年制）,Major
M1989,基础医学（五年制）,Major
M1990,生物医学工程（工医理交叉国际化实验班）,Major
M1991,数学与应用数学（基础学科拔尖人才培养实验班）,Major
M1992,法医学（五年制）,Major
M1993,心理学（公费师范）,Major
M1994,汉语言文学（公费师范）,Major
M1995,英语（公费师范）,Major
M1996,历史学（公费师范）,Major
M1997,数学与应用数学（公费师范）,Major
M1998,物理学（公费师范）,Major
M1999,化学（公费师范）,Major
M2000,生物科学（公费师范）,Major
M2001,地理科学（公费师范）,Major
M2002,教育技术学（公费师范）,Major
M2003,教育学类（中外合作办学）,Major
M2004,朝鲜语（韩语）,Major
M2005,生物科学类（中外合作办学）,Major
M2006,社会学类（中外合作办学）,Major
M2007,生物技术（中外合作办学）,Major
M2008,思想政治教育（公费师范） ,Major
M2009,特殊教育（公费师范）,Major
M2010,思想政治教育（公费师范）,Major
M2011,生物技术（公费师范）,Major
M2012,教育学类（中外合作办学）学前教育,Major
M2013,社会学类（中外合作办学）社会工作,Major
M2014,生物科学类(中外合作办学)(生物技术),Major
M2015,特殊教育（公费师范),Major
M2016,地球物理学类(地球物理与信息类),Major
M2017,地球物理学类(菁英班),Major
M2018,地质学类(含国家理科基地班),Major
M2019,地质学类(菁英班),Major
M2020,资源勘查工程(含基地班),Major
M2021,地下水科学与工程(中外合作办学),Major
M2022,大气科学(菁英班),Major
M2023,地质学(基地班),Major
M2024,地质学类,Major
M2025,地质学类(地球科学菁英班),Major
M2026,勘查技术与工程(勘查地球物理方向),Major
M2027,资源勘查工程(基地班),Major
M2028,环境工程(菁英班),Major
M2029,环境科学与工程类(环境地球科学类),Major
M2030,工商管理(双语教学班),Major
M2031,海洋工程与技术,Major
M2032,海洋科学(菁英班),Major
M2033,环境科学与工程类(地球科学与环境类),Major
M2034,地理空间信息工程,Major
M2035,生物科学(菁英班),Major
M2036,地球信息科学与技术,Major
M2037,勘查技术与工程(钻探工程方向),Major
M2038,法学（文）,Major
M2039,国际经济与贸易（文）,Major
M2040,金融学类（文）,Major
M2041,经济学（文）,Major
M2042,日语（文）,Major
M2043,新闻传播学类（文）,Major
M2044,行政管理（文）,Major
M2045,法学（理）,Major
M2046,国际经济与贸易（理）,Major
M2047,金融学类（理）,Major
M2048,经济学（理）,Major
M2049,行政管理（理）,Major
M2050,英语（理）,Major
M2051,英语（文）,Major
M2052,新闻传播学类（理）,Major
M2053,新闻传播学类（高校专项）,Major
M2054,日语（理）,Major
M2055,通信工程（高校专项）,Major
M2056,土木类（高校专项）,Major
M2057,材料科学与工程（高校专项）,Major
M2058,金融学类（高校专项）,Major
M2059,机械类（高校专项）,Major
M2060,播音与主持艺术（艺术文）,Major
M2061,广播电视编导（艺术文）,Major
M2062,行政管理（高校专项）,Major
M2063,给排水科学与工程（高校专项）,Major
M2064,法学（高校专项）,Major
M2065,电气工程及其自动化（高校专项）,Major
M2066,计算机科学与技术（高校专项）,Major
M2067,英语（高校专项）,Major
M2068,播音与主持艺术（艺术理）,Major
M2069,电子信息工程（高校专项）,Major
M2070,自动化（高校专项）,Major
M2071,汉语言文学（高校专项）,Major
M2072,材料科学与工程（国家专项）,Major
M2073,工商管理（南疆单列）,Major
M2074,计算机科学与技术（南疆单列）,Major
M2075,通信工程（南疆单列）,Major
M2076,All,Major
M2077,生物科学（生物学基地班）,Major
M2078,蜂学,Major
M2079,森林保护,Major
M2080,商务经济学,Major
M2081,茶学（茶学院）,Major
M2082,中药资源与开发,Major
M2083,会计学（茶学院）,Major
M2084,食品卫生与营养学,Major
M2085,会计学（闽台合作项目）,Major
M2086,环境工程（闽台合作项目）,Major
M2087,公共事业管理（闽台合作项目）,Major
M2088,食品科学与工程（闽台合作项目）,Major
M2089,机械设计制造及其自动化（闽台合作项目）,Major
M2090,园艺（中加合作班）,Major
M2091,生态学（中加合作班）,Major
M2092,风景园林（中加合作班）,Major
M2093,农业资源与环境（中加合作班）,Major
M2094,生物科学（基地班）,Major
M2095,机械类（含机械设计制造及其自动化、农业机械化及其自动化专业）,Major
M2096,林学类（含林学、森林保护专业）,Major
M2097,公共管理类（含公共事业管理、行政管理、劳动与社会保障专业）,Major
M2098,生物科学类（含生物科学、生物技术专业）,Major
M2099,计算机类（含计算机科学与技术、网络工程专业）,Major
M2100,矿物资源工程,Major
M2101,泰语,Major
M2102,越南语,Major
M2103,工商管理(中美校际交流),Major
M2104,金融数学(中美校际交流),Major
M2105,金融学(中美校际交流),Major
M2106,信息安全(中外合作办学),Major
M2107,机械设计制造及其自动化(中法校际交流),Major
M2108,计算机科学与技术(中法校际交流),Major
M2109,计算机类(中外合作办学),Major
M2110,英语(中加),Major
M2111,安全工程(民族班),Major
M2112,电气工程及其自动化(民族班),Major
M2113,电子科学与技术(民族班),Major
M2114,电子信息类(民族班),Major
M2115,公共事业管理(民族班),Major
M2116,汉语言文学(民族班),Major
M2117,机械类(民族班),Major
M2118,旅游管理(民族班),Major
M2119,食品科学与工程类(民族班),Major
M2120,新闻传播学类(民族班),Major
M2121,英语类,Major
M2122,制药工程(民族班),Major
M2123,工科试验班(动力装备与安全),Major
M2124,工科试验班(绿色化工与生物医药),Major
M2125,核工程与核技术,Major
M2126,会计学(ACCA),Major
M2127,基础医学(基地班),Major
M2128,临床医学(口腔),Major
M2129,临床医学(五年),Major
M2130,数学与应用数学(基地班),Major
M2131,数学与应用数学(数学经济创新班),Major
M2132,医学技术类,Major
M2133,口腔医学技术,Major
M2134,汉语言文学（基地班）,Major
M2135,材料类（中外合作办学）,Major
M2136,工业工程类（中外合作办学）,Major
M2137,基础医学（基地班）,Major
M2138,临床医学（口腔医学）,Major
M2139,历史学（基地班）,Major
M2140,临床医学（八年制）,Major
M2141,数学与应用数学（基地班）,Major
M2142,数学与应用数学（数学经济创新班）,Major
M2143,医学信息工程,Major
M2144,材料类(茅以升学院),Major
M2145,测绘类(茅以升学院),Major
M2146,电气类(茅以升学院),Major
M2147,电子信息类(茅以升学院),Major
M2148,机械类(茅以升学院),Major
M2149,交通运输类(茅以升学院),Major
M2150,力学类(茅以升学院),Major
M2151,数学类(茅以升学院),Major
M2152,土木类(茅以升学院),Major
M2153,安全工程(交通安全与信息技术),Major
M2154,电子科学与技术(微电子技术),Major
M2155,物流管理与工程类,Major
M2156,电气工程与智能控制,Major
M2157,交通运输(城市轨道交通方向),Major
M2158,铁道工程,Major
M2159,网络工程(铁道信号方向),Major
M2160,中国语言文学类(茅以升学院),Major
M2161,生物工程类(中外合作办学),Major
M2162,土木类(中外合作办学),Major
M2163,安全科学与工程类(中外合作办学),Major
M2164,土木工程（汉）,Major
M2165,土木工程（藏）,Major
M2166,铁道工程（汉）,Major
M2167,电气工程及其自动化（汉）,Major
M2168,电气工程及其自动化（藏）,Major
M2169,经济与贸易类（汉）,Major
M2170,经济与贸易类（藏）,Major
M2171,应用心理学（汉）,Major
M2172,思想政治教育（藏）,Major
M2173,机械类（汉）,Major
M2174,机械类（藏）,Major
M2175,测绘类（汉）,Major
M2176,数学与应用数学（数学与经济学双学位班）,Major
M2177,会计学（注册会计师专门化方向）,Major
M2178,工商管理类（会计学院）,Major
M2179,精算学,Major
M2180,保险学（精算双语实验班）,Major
M2181,法学（法学与会计学双学位班）,Major
M2182,会计学（双语实验班）,Major
M2183,财务管理（双语实验班）,Major
M2184,工商管理（双语实验班）,Major
M2185,经济学（国家经济学基础人才培养基地班）,Major
M2186,金融学（证券与期货方向）,Major
M2187,金融学（双语实验班）,Major
M2188,保险学（财务与会计双语实验班）,Major
M2189,工商管理类（工商学院）,Major
M2190,汉语言文学（财经文秘方向）,Major
M2191,新闻学（经济新闻方向）,Major
M2192,国际经济与贸易（双语实验班）,Major
M2193,国际商务（双语实验班）,Major
M2194,计算机科学与技术（金融信息化方向）,Major
M2195,电子商务（支付结算方向）,Major
M2196,信息管理与信息系统（商务智能方向）,Major
M2197,英语（翻译方向）,Major
M2198,动植物检疫,Major
M2199,烟草,Major
M2200,中草药栽培与鉴定,Major
M2201,标准化工程,Major
M2202,生命科学类,Major
M2203,机械学,Major
M2204,材料学,Major
M2205,金融类,Major
M2206,能源动力与工程,Major
M2207,口腔医学（学制五年）,Major
M2208,预防医学（学制五年）,Major
M2209,戏剧影视导演,Major
M2210,金融学（121项目）,Major
M2211,英语（121项目）,Major
M2212,雕塑,Major
M2213,服装与服饰设计,Major
M2214,绘画,Major
M2215,舞蹈表演,Major
M2216,音乐表演(121项目),Major
M2217,音乐表演(管弦),Major
M2218,音乐表演(键盘),Major
M2219,音乐表演(民乐),Major
M2220,音乐学(少数民族音乐),Major
M2221,作曲与作曲技术理论,Major
M2222,音乐表演,Major
M2223,体育学类,Major
M2224,经济学(基地班),Major
M2225,工商管理类(南疆),Major
M2226,公共管理类(南疆),Major
M2227,金融学(定向),Major
M2228,汉语言文学(定向),Major
M2229,新闻传播学类(定向),Major
M2230,文物保护技术,Major
M2231,生物科学(基地班),Major
M2232,电子信息科学与技术(中外合作办学),Major
M2233,生物技术(生命科学与技术基地班),Major
M2234,经济学(数理经济实验班),Major
M2235,物理学(基地班),Major
M2236,知识产权,Major
M2237,化学(基地班),Major
M2238,人文地理与城乡规划(单列),Major
M2239,文物保护技术(定向),Major
M2240,软件工程(定向),Major
M2241,法学(知识产权),Major
M2242,微电子科学与技术,Major
M2243,文物与保护技术,Major
M2244,工商管理类(南疆单列),Major
M2245,人文地理与城乡规划(南疆单列),Major
M2246,传播学（新媒体方向）,Major
M2247,光电技术与物理类,Major
M2248,会计学类,Major
M2249,机械与海洋工程类,Major
M2250,经管类实验班,Major
M2251,经济类,Major
M2252,理工类实验班,Major
M2253,网络空间安全类,Major
M2254,信息与通信工程类,Major
M2255,光电信息科学与工程(按光电技术与物理类培养),Major
M2256,环境工程(按环境科学与工程类培养),Major
M2257,会计学(按会计学类培养),Major
M2258,机械类(按机械与海洋工程类培养),Major
M2259,计算机,Major
M2260,经济学类(按经济类培养),Major
M2261,通信工程(按信息与通信工程类培养),Major
M2262,网络空间安全(按网络空间安全类培养),Major
M2263,会计学（按会计学类培养）,Major
M2264,机械类（按机械与海洋工程类培养）,Major
M2265,经济学类（按经济类培养）,Major
M2266,通信工程（按信息与通信工程类培养）,Major
M2267,传播学（网络编辑方向）,Major
M2268,传播学(网络编辑方向),Major
M2269,信息安全(按网络空间安全类培养),Major
M2270,英语(按外国语言文学类培养),Major
M2271,电子信息类（电子信息工程、电子科学与技术、集成电路设计与集成系统,Major
M2272,管理科学与工程类（信息管理与信息系统、工业工程、电子商务、物流管,Major
M2273,光电信息科学与工程（按光电技术物理类培养）,Major
M2274,环境工程（按环境科学与工程类培养）,Major
M2275,机械类（机械设计制造及其自动化、车辆工程）（按机械与海洋工程类培,Major
M2276,计算机科学与技术(中外合作办学)（与俄罗斯圣光机大学合作办学，中英,Major
M2277,计算机类（计算机科学与技术、软件工程）,Major
M2278,经济学类（金融学、国际经济与贸易、经济学、统计学）（按经济类培养,Major
M2279,数学类（信息与计算科学、数学与应用数学）,Major
M2280,通信工程（含通信工程、信息对抗技术）（按信息与通信工程类培养）,Major
M2281,网络空间安全（按网络空间安全类培养）,Major
M2282,英语（招英语考生）（按外国语言文学类培养）,Major
M2283,自动化(中外合作办学)（与俄罗斯圣光机大学合作办学，中英文授课，学,Major
M2284,电子信息类（电子信息工程、电子科学与技术、集成电路设计与集成系,Major
M2285,管理科学与工程类（信息管理与信息系统、工业工程、电子商务、物流,Major
M2286,光电信息科学与工程（按光电技术与物理类培养）,Major
M2287,机械类（机械设计制造及其自动化、车辆工程）（按机械与海洋工程类,Major
M2288,计算机科学与技术(中外合作办学)（与俄罗斯圣光机大学合作办学，中,Major
M2289,经济学类（按经济类培养;金融学、国际经济与贸易、经济学、统计学）,Major
M2290,自动化(中外合作办学)（与俄罗斯圣光机大学合作办学，中英文授课，,Major
M2291,会计学（会计学、财务管理、审计学）,Major
M2292,英语（按外国语言文学类培养）,Major
M2293,传播学(新媒体方向),Major
M2294,电子信息类(电子信息工程、电子科学与技术、集成电路设计与集成系统,Major
M2295,工商管理类(工商管理、市场营销、人力资源管理),Major
M2296,管理科学与工程类(信息管理与信息系统、工业工程、电子商务、物流管,Major
M2297,会计学(含会计学、财务管理、审计学),Major
M2298,机械类(含机械设计制造及其自动化、车辆工程),Major
M2299,经济学类(按经济类培养)(金融学、国际经济与贸易、经济学、统计学),Major
M2300,数学类(信息与计算科学、数学与应用数学),Major
M2301,通信工程(含通信工程、信息对抗技术),Major
M2302,会计学(按会计学类培养，含会计学、财务管理、审计学),Major
M2303,机械类(机械设计与海洋工程类培养，含机械设计制造及其自动化、车辆,Major
M2304,通信工程（按信息与通信工程类培养，含通信工程、信息对抗技术）,Major
M2305,会计学（按会计学类培养，含会计学、财务管理、审计学）,Major
M2306,机械类（按机械与海洋工程类培养，含机械设计制造及其自动化、车辆工,Major
M2307,经济学类（按经济类培养，金融学、国际经济与贸易、经济学、统计学）,Major
M2308,设计学类（产品设计、数字媒体艺术）（美术类统考成绩）,Major
M2309,国家专项|管理科学与工程类,Major
M2310,国家专项|光电信息科学与工程,Major
M2311,国家专项|机械类,Major
M2312,国家专项|数学类,Major
M2313,国家专项|英语,Major
M2314,国家专项|自动化,Major
M2315,管理科学与工程类(信息管理与信息系统、工业工程、电子商务）,Major
M2316,经济学类(金融学、国际经济与贸易、经济学、统计学),Major
M2317,材料科学与工程#E,Major
M2318,电气工程及其自动化(定向)#B9,Major
M2319,环境工程#E,Major
M2320,机械类#E,Major
M2321,自动化(定向)#B9,Major
M2322,会计学#H,Major
M2323,会计学(按会计学类培养)(含会计学、财务管理、审计学),Major
M2324,机械类(按机械与海洋工程类培养)(机械设计制造及其自动化、车辆工程),Major
M2325,通信工程(按信息与通信工程类培养)(含通信工程、信息对抗技术),Major
M2326,电子信息类(电子信息工程、电子科学与技术、,Major
M2327,工商管理类(工商管理、市场营销、人力资源管,Major
M2328,会计学(按会计学类培养，会计学、财务管理、审,Major
M2329,机械类(按机械与海洋工程类培养，含机械设计,Major
M2330,经济学类(按经济类培养)(金融学、国际经济与,Major
M2331,会计学(按会计学类培养，含会计学、财务管理、,Major
M2332,工业工程(工业技术管理方向),Major
M2333,光电信息科学与工程(光电信息技术方向),Major
M2334,工业工程（招考方向:工业技术管理方向）,Major
M2335,光电信息科学与工程（光电信息技术方向）,Major
M2336,材料科学与工程(材料类),Major
M2337,电气类(电气与自动化类),Major
M2338,光电信息科学与工程(光电技术与物理类),Major
M2339,环境工程(环境科学与工程类),Major
M2340,会计学(会计学类),Major
M2341,机械类(机械与海洋工程类),Major
M2342,生物医学工程类(生物医学工程与仪器类),Major
M2343,通信工程(信息与通信工程类),Major
M2344,网络工程(网络空间安全类),Major
M2345,信息安全(网络空间安全类),Major
M2346,电气与自动化类,Major
M2347,材料科学与工程（按材料类招生）,Major
M2348,电气类（按电气与自动化类招生，含自动化、电气工程及其自动化）,Major
M2349,光电信息科学与工程（光电信息技术方向）（按光电技术与物理类招生）,Major
M2350,环境工程（按环境科学与工程类招生）,Major
M2351,机械类（按机械与海洋工程类招生，含机械设计制造及其自动化、车辆工,Major
M2352,计算机类（计算机科学与技术(与会计学复合)、计算机科学与技术、软件,Major
M2353,经济学类（按经济类招生，含金融学、国际经济与贸易、经济学、统计学,Major
M2354,数学类（数学与应用数学(与金融学复合)、信息与计算科学、数学与应用,Major
M2355,通信工程（按信息与通信工程类招生，含通信工程、信息对抗技术）,Major
M2356,外国语言文学类（按语言类招生，含英语(与国贸复合)、英语）,Major
M2357,网络工程（按网络空间安全类招生）,Major
M2358,信息安全（按网络空间安全类招生）,Major
M2359,按材料类招生,Major
M2360,按光电技术与物理类招生,Major
M2361,电气类(定向),Major
M2362,法学类(法学、社会学),Major
M2363,新闻传播学类（按新媒体类培养）,Major
M2364,电气类（按电气与自动化类培养）,Major
M2365,工业工程（工业技术管理方向）,Major
M2366,外国语言文学类（按语言类培养）,Major
M2367,物理学类（按光电技术与物理类培养）,Major
M2368,数字媒体艺术,Major
M2369,生物医学工程类（按生物医学工程与仪器类培养）,Major
M2370,电气类（按电气与自动化类培养）（定向）,Major
M2371,编辑出版学（网络编辑方向）,Major
M2372,传播学（新媒体传播方向）,Major
M2373,应用物理学（能源科学方向）,Major
M2374,计算机科学与技术（与会计学复合）,Major
M2375,计算机科学与技术类,Major
M2376,理工实验班,Major
M2377,通信工程类,Major
M2378,信息管理与信息系统类,Major
M2379,数学与应用数学（金融数学方向）,Major
M2380,数学与应用数学（与金融学复合）,Major
M2381,经管实验班,Major
M2382,交通运输类（汽车学院）,Major
M2383,自动化（含卓越工程师）,Major
M2384,道路桥梁与渡河工程（国际工程班）,Major
M2385,交通工程（国际工程班）,Major
M2386,交通运输类（经管学院）,Major
M2387,地质工程（含卓越工程师）,Major
M2388,车辆工程 ,Major
M2389,矿物加工工程 ,Major
M2390,工科试验班（提前批）,Major
M2391,化学工程和工艺,Major
M2392,日语（提前批）,Major
M2393,矿物加工工程??,Major
M2394,公告管理类,Major
M2395,地质工程（含卓越班）,Major
M2396,交通工程??????????? （国际工程班）,Major
M2397,地球物理学类,Major
M2398,道路桥梁与渡河工程（中外合作办学）,Major
M2399,矿物加工工程（宝玉石学）,Major
M2400,地质工程（含卓越工程师）（提前批）,Major
M2401,地球物理学类（提前批）,Major
M2402,地质学类（提前批）,Major
M2403,地质工程(提前批）,Major
M2404,土地整治工程（提前批）,Major
M2405,土地资源管理（提前批）,Major
M2406,经济学类(中美121双学位班，全英文科教学),Major
M2407,工商管理科类（中美121双学位班，全英文科教学）,Major
M2408,工商管理科类,Major
M2409,理科,Major
M2410,高分子材料与工程(拔尖人才试点班),Major
M2411,应用理科(拔尖人才试点班),Major
M2412,公共管理科类,Major
M2413,财务管理科,Major
M2414,旅游管理科类,Major
M2415,中国语言文科学类,Major
M2416,国际事务与国际关系,Major
M2417,人文科地理科与城乡规划,Major
M2418,国际商务(全英文科教学),Major
M2419,信息管理科与信息系统,Major
M2420,工商管理科类(全英文科教学，中美121双学位班),Major
M2421,经济学类(全英文科教学，中美121双学位班),Major
M2422,工商管理科,Major
M2423,汉语言文科学,Major
M2424,人力资源管理科,Major
M2425,城市管理科,Major
M2426,公共事业管理科,Major
M2427,理科工程与工艺,Major
M2428,物流管理科,Major
M2429,行政管理科,Major
M2430,应用语言学,Major
M2431,园艺(观赏园艺),Major
M2432,土地资源管理科,Major
M2433,工商管理科类(酒店管理科专业全英文科教学，中美121双学位班),Major
M2434,高分子材料与工程（拔尖人才试点班),Major
M2435,公共事业管理科(社会保障管理科方向),Major
M2436,高分子材料与工程（拔尖人才试点班）,Major
M2437,国际商务（全英文科教学）,Major
M2438,药学(全英文科教学),Major
M2439,材料理科,Major
M2440,"经济学类(金融学全英文科教学,中美联合培养121国际班)",Major
M2441,法学(涉外法律方向),Major
M2442,"经济学类(国际经济与贸易全英文科教学,中美联合培养121国际班)",Major
M2443,"计算机类(中美联合培养121国际班,全英文科教学)",Major
M2444,工程管理科,Major
M2445,"工商管理科类(会计学全英文科教学,中美联合培养121国际班)",Major
M2446,旅游管理科,Major
M2447,"工商管理科类(中美联合培养121国际班,全英文科教学)",Major
M2448,会展经济与管理科,Major
M2449,酒店管理科,Major
M2450,"工商管理科类(旅游管理科全英文科教学,中美联合培养121国际班)",Major
M2451,"经济学类(中美联合培养121国际班,全英文科教学)",Major
M2452,数学与应用数学(英才班),Major
M2453,信息对抗技术,Major
M2454,电波传播与天线,Major
M2455,电子信息工程(教改班),Major
M2456,通信工程(教改班),Major
M2457,电子信息类(通信),Major
M2458,电子信息类(微电子与集成电路),Major
M2459,材料类(材料科学与技术),Major
M2460,电子信息类(物理与光电工程),Major
M2461,计算机类(信息网络安全),Major
M2462,电子信息类(空间电子信息),Major
M2463,数学类(应用数学与统计),Major
M2464,电子信息类（物理与光电工程）,Major
M2465,数学类（应用数学与统计）,Major
M2466,电子信息类（微电子与集成电路）,Major
M2467,电子信息类（空间电子信息）,Major
M2468,材料类（材料科学与技术）,Major
M2469,计算机类（信息网络安全）,Major
M2470,管理科学与工程类（文科）,Major
M2471,数学与应用数学（信息英才班）,Major
M2472,管理科学与工程类（文）,Major
M2473,管理科学与工程类（理）,Major
M2474,通信与信息工程类,Major
M2475,电子科学与技术类,Major
M2476,应用数学与统计类,Major
M2477,文科试验班类,Major
M2478,微电子与集成电路类,Major
M2479,空间电子信息类,Major
M2480,材料科学与技术类,Major
M2481,网络与信息安全类,Major
M2482,管理科学与工程类(理工),Major
M2483,管理科学与工程类(文史),Major
M2484,管理科学与工程类(文),Major
M2485,管理科学与工程类(理),Major
M2486,数学与应用数学(信息英才班),Major
M2487,临床医学类,Major
M2488,大气科学类,Major
M2489,理论与应用力学(基地班),Major
M2490,草业科学(基地班),Major
M2491,地质学类 ,Major
M2492,地质工程 ,Major
M2493,土木工程 ,Major
M2494,药学 ,Major
M2495,计算机类 ,Major
M2496,生物科学类 ,Major
M2497,电子信息类 ,Major
M2498,临床医学类 ,Major
M2499,地理科学类 ,Major
M2500,农林经济管理 ,Major
M2501,草业科学 ,Major
M2502,计算机科学与技术 (中外合作办学),Major
M2503,应用物理学 ,Major
M2504,数字媒体技术 ,Major
M2505,应用化学 ,Major
M2506,经济学类 ,Major
M2507,理论与应用力学 ,Major
M2508,医学检验技术 ,Major
M2509,临床药学 ,Major
M2510,大气科学类 ,Major
M2511,化学类 ,Major
M2512,物理学类 ,Major
M2513,数学类 ,Major
M2514,工商管理类 ,Major
M2515,环境科学与工程类 ,Major
M2516,核工程类 ,Major
M2517,水利类 ,Major
M2518,材料类 ,Major
M2519,广告学 ,Major
M2520,新闻传播学类 ,Major
M2521,知识产权 ,Major
M2522,历史学类 ,Major
M2523,俄语 ,Major
M2524,思想政治教育 ,Major
M2525,政治学类 ,Major
M2526,公共事业管理 ,Major
M2527,马克思主义理论 ,Major
M2528,哲学 ,Major
M2529,社会学 ,Major
M2530,设计学类 ,Major
M2531,核科学与技术基地班(原子核物理与核技术方向),Major
M2532,经济学基地班,Major
M2533,理论与应用力学基地班,Major
M2534,核科学与技术基地班(放射化学方向),Major
M2535,草业科学基地班,Major
M2536,核科学与技术基地班(原子核物理),Major
M2537,汉语言文学(戏剧影视文学),Major
M2538,公共事业管理(卫生事业管理方向),Major
M2539,预防医学 ,Major
M2540,护理学 ,Major
M2541,临床医学(免费医学定向),Major
M2542,日语 ,Major
M2543,德语 ,Major
M2544,音乐表演 ,Major
M2545,汉语言文学（戏剧影视文学）,Major
M2546,民族学 ,Major
